timestamp,voltage,current,temperature,vibration,rpm,load,condition
1,416.4901424590337,3.165433924707204,37.29537707620138,0.24092119425632103,1471.48769937915,58.8293152152541,Normal
2,419.73763844652217,3.3918586822882273,35.0610512281301,0.2017024017434386,1468.048734607813,57.671351232148716,Normal
3,415.72588681469813,2.7216799388355506,32.550164334973935,0.15750849883036108,1459.8075331949835,61.57123666297637,Normal
4,412.27592777343636,2.8469240746661773,38.93129753784311,0.17096894798053858,1476.012923070319,52.87625906893272,Normal
5,413.36685182642447,3.2277306474274665,33.6980128451554,0.19502792073382688,1465.990419651218,58.54153125103362,Normal
6,413.19488016331184,3.6630695461272347,35.973005550524135,0.13769156284176398,1487.338173681548,53.89578175014489,Normal
7,415.6265907850143,2.7100824690300565,33.34362790220314,0.18787444943476495,1486.0769986999312,60.85684140594985,Normal
8,414.6530551528353,3.124724076102678,33.04295601926515,0.15120623166421165,1468.0904184356032,65.28561113109458,Normal
9,416.0308548687054,2.7592399611593166,36.64816793878959,0.16459670878334734,1464.8461699954107,63.058381444204336,Normal
10,418.0929985674878,3.43282002977905,34.32156495355472,0.16763150496595142,1479.9689514710535,64.8777256356118,Normal
11,413.5624772864641,3.153585255834046,33.787330051987944,0.13215173503677316,1487.187887335913,66.78120014285412,Normal
12,414.783969635259,3.450883224473006,36.72327205009527,0.15419520981579501,1480.4209340826262,67.69018283232984,Normal
13,414.89252188267017,3.5911609139535017,30.76050979182051,0.21287610017500896,1476.3057060235726,58.50496324767066,Normal
14,415.2752823296065,2.703107771349777,35.56065622432497,0.19428450286046986,1497.1684106711227,57.40864890863176,Normal
15,412.57451919132046,3.074560739103866,37.830804235404145,0.19315004438638736,1467.0535969434943,62.56633716556678,Normal
16,415.2912326480441,3.4421612476332224,34.59589381224529,0.16689351413608927,1469.1183777030176,52.68242525933941,Normal
17,415.8883608311937,3.2652638180449727,36.010226913284924,0.1706165146649941,1453.7694388692437,57.89677338617321,Normal
18,413.9718564504197,2.9994306826945953,35.67742857666798,0.19616203427258153,1503.292788518158,60.872889064159196,Normal
19,415.7726511721683,3.1813885210584583,32.162457569401916,0.17893944498203132,1475.9034531491154,72.31621056242643,Normal
20,414.4229171056566,3.2753868355834035,35.93057646058951,0.13325287849521872,1492.1423422177254,63.75966516343387,Normal
21,417.37309584112916,2.9726531363013153,38.8055886218722,0.12392595748830876,1483.8028564070041,70.95227812904989,Normal
22,412.0283910246079,3.0584255675993073,36.19930273017528,0.15986097383535203,1451.740048534008,60.34281487403014,Normal
23,411.8130888588217,3.3183981076587954,34.1611515315324,0.24199737620070158,1463.2512006149564,58.38969241897162,Normal
24,417.44055165210904,2.8922839208915114,36.45491986920826,0.23228571017129712,1450.8877514815815,60.92316929266152,Normal
25,415.7796483827453,3.3954557179443277,33.52609857824383,0.12718173547662895,1482.8291234842534,61.48492336616593,Normal
26,415.7514785510376,3.286612052374244,34.63995055684302,0.18929014788644014,1479.3960870994802,56.42824290986816,Normal
27,420.5973235334343,3.318458230227947,33.6173930055947,0.20626214434535317,1460.3797749465903,63.93542301871226,Normal
28,418.4757867370222,2.9948294204120725,37.92675225848864,0.19651123707745993,1487.3309023999172,69.48396491326974,Normal
29,414.26383565199137,3.011565958910628,34.22097114074895,0.14736758860138247,1473.8434743587884,61.70575987408322,Normal
30,415.8300723979901,3.406795812259006,36.02600378375581,0.23814136308629266,1471.0301475014307,73.6008458329481,Normal
31,416.877002043295,2.9857106108959295,33.858215003877774,0.1992988966097274,1471.6480582201123,63.57000247046046,Normal
32,416.41971287372064,3.181792771835782,34.30641256386319,0.1194061110125654,1468.3022757189947,64.28199397161737,Normal
33,415.6422812323906,2.888565305322003,36.34636185170236,0.19541269518915347,1461.742138456983,60.768625529727636,Normal
34,415.174626155338,2.9142574255423446,36.715574720696566,0.20243138105472938,1491.2457686476291,65.26901026017451,Normal
35,410.86699189612875,2.9655437400212197,37.03007053441732,0.20055143803648834,1482.7257152945908,79.26365745327361,Normal
36,416.7126715320795,3.4838914100451497,37.908003526986406,0.20605565005223192,1470.2709613303948,63.79484610246634,Normal
37,412.6815243563873,3.140795348314998,35.029272904341795,0.1832749655754529,1509.7198785001026,50.66367403704126,Normal
38,417.0587805711235,2.7968210322025873,35.056136268421135,0.22355802387869464,1475.9642002864318,54.61127611035347,Normal
39,412.8540888722201,3.369899437233669,34.53926673656573,0.188658343583279,1475.6835775985571,56.74199826197091,Normal
40,421.431832267976,3.358479755579503,31.949714826684787,0.1874581725907771,1465.0732030284742,64.26216667398111,Normal
41,412.6224377847019,3.1713158896332754,37.009974557960916,0.21463020776680486,1456.9955538941633,58.327493820795254,Normal
42,413.5751640665171,3.036667691856572,39.530908480562196,0.1961992684384382,1456.0867406849743,64.58930973527389,Normal
43,421.3664685910379,3.458116315137787,32.961260068091974,0.16063063708534994,1494.0036672377994,56.461652671906094,Normal
44,416.33145828443867,3.3936585133573343,34.146139056843836,0.177618985757528,1426.380989898964,54.87806179332855,Normal
45,414.2422955458205,2.888054204508788,39.26482260786327,0.12279434488157469,1468.3993326995453,60.65370288643046,Normal
46,419.3238198671983,2.8410344622051404,38.326327504309916,0.18040932244078348,1460.2773702342806,62.31051737131635,Normal
47,415.5971790867204,3.0499457807103014,36.13960416998004,0.16458745612552958,1476.7027601787688,63.31065337260523,Normal
48,419.75805044843605,2.890546125293288,40.266066749312536,0.10191648801909992,1472.7232235744661,62.94158603242288,Normal
49,415.8429756032051,3.0443251200448516,35.58375549928545,0.1602799626136467,1466.1595286458369,64.24801048510513,Normal
50,416.07104645789514,3.026772601184837,37.7991997508665,0.19229198083506438,1487.1929317825843,63.14814420961806,Normal
51,412.5130149672338,3.059954739950758,37.49458721024652,0.2044148106173386,1474.6864760905378,60.58663691654391,Normal
52,418.8329946873653,3.052107152791043,37.094194762340074,0.17191229390264423,1471.7347819515917,65.49388425993595,Normal
53,417.4762490469641,3.40337740900016,38.61095761430866,0.18084015366531037,1485.2292945694244,58.44866621703272,Normal
54,415.9724990574653,3.167464236408079,36.19399192998544,0.20380628101747655,1462.7266897514978,70.4619363784273,Normal
55,411.9819478555009,2.8964528468030672,38.316221747000135,0.21166650775851742,1484.3617972557822,63.1417275463214,Normal
56,414.96325968145925,2.9756864071285425,36.151609116387455,0.15291353153951553,1489.6267960012663,59.26471309248931,Normal
57,412.5235084096225,3.1196535395867517,36.82586290855125,0.157451017887841,1462.6666940665036,61.21843605745956,Normal
58,415.7348997133262,3.0732642061572175,35.057923388763356,0.18928199749430544,1453.27873487754,52.962681128117225,Normal
59,412.8446673362427,3.1466382120720384,36.62181513119601,0.23901424867798207,1487.8648943480302,59.20030735018287,Normal
60,414.94295137629194,2.949367658840548,35.96297372801522,0.16845365444319446,1479.8407784050714,55.86384528223839,Normal
61,416.5580395427235,3.583184728250645,35.78247970308629,0.19606846888395765,1485.3521598756668,57.99389764057082,Normal
62,415.67227744543123,3.203148100195449,36.19535219709766,0.14907960864578135,1475.367652613884,62.48999145622725,Normal
63,419.3534308233851,3.439817706521302,40.30636491502311,0.149306097484478,1488.0848095508102,60.91671002869176,Normal
64,421.569408799653,2.9979254286612123,34.32055631563845,0.15602429418223912,1443.1415641353528,57.37122489159619,Normal
65,412.7226020153389,3.237598446619052,36.683511951554316,0.25504683356863544,1489.2563575727906,57.115481721687985,Normal
66,412.3047559859549,3.3229797928766267,33.359533585958715,0.2532583506341741,1492.6916018108193,57.65412173947647,Normal
67,409.8605964127274,3.5384680935413533,35.77092030949476,0.22951265247893846,1451.0835851180846,57.00312488523114,Normal
68,415.01573109915455,3.2117451484411856,35.09986905704151,0.20491399729389995,1458.985693559261,59.288102574893536,Normal
69,415.3608868951357,3.3286097085146875,37.42322975617778,0.13501431632648522,1451.9882874389657,66.38838410949255,Normal
70,415.9969420359388,3.0128783658608618,39.102303951045045,0.18462698537171435,1492.6894577609573,60.33759240705054,Normal
71,421.18224377464594,3.638835210610801,35.50207170304185,0.21886283803817422,1484.6806392437773,66.84315778766174,Normal
72,412.10522961825967,3.37151286499961,38.11684897369918,0.10965042054307542,1457.2511223100134,49.803839111199494,Normal
73,414.1917794966663,3.3793855639489907,39.004714104192054,0.182963791216791,1499.4292331835693,53.099492708925546,Normal
74,409.88985268193454,3.1861130752758453,36.76813089787861,0.17869221007623626,1443.9883684994018,59.55439980243606,Normal
75,411.08659149848546,3.3674181372075096,36.7331964921937,0.1424048085469058,1467.2919962399496,54.703932390555245,Normal
76,414.8119627081805,3.4387855801253098,34.028547907328914,0.20016186062071378,1467.0461357244135,56.03563583868828,Normal
77,414.67890892013634,2.9411894193951564,34.892701389305635,0.13208488429644605,1504.4708769937458,60.17631775985864,Normal
78,412.90082347602225,3.2534949776835558,35.77534390061834,0.17116121601867107,1484.2125005006515,63.787538550236526,Normal
79,413.4084965571684,3.0560454398388304,35.449896605696715,0.0879231534105766,1452.2721340670216,66.83437133722262,Normal
80,419.9349031405039,3.1377409901109057,37.15311392611153,0.19245000618174143,1521.1832121268285,65.59787455717289,Normal
81,414.6162472255577,2.9611148898498936,32.78710735948486,0.18813854543468891,1463.6547388207355,52.888731452011626,Normal
82,413.0602813472724,2.9296129990964013,39.37428327014513,0.215265590277978,1474.8804103802509,67.39972069445012,Normal
83,415.2321049229429,2.9846789496679342,39.04624815453931,0.20155640174738634,1459.441307685103,59.04830660958196,Normal
84,412.3731452398457,2.854300067258916,37.85235509506328,0.25637666561880523,1454.0214863927129,62.81484618345286,Normal
85,413.0480722926345,3.0782186540588263,34.81521215152226,0.14544036921280734,1475.7278244191723,55.845249417944814,Normal
86,415.8113704773395,3.187440472637716,35.52210390626718,0.14369745351833607,1466.348430041475,63.77695612912878,Normal
87,416.50275156287313,2.955611188800362,36.19866461085845,0.21005548493487156,1449.9589207831793,62.71680096189967,Normal
88,413.01212872316245,3.34264966714829,34.473481686914965,0.10780471597341923,1450.5868634317526,60.24042473330691,Normal
89,415.7791675051644,2.973920843723898,37.27718491755475,0.1135391975092416,1474.0088030202903,53.94491900118771,Normal
90,413.0444916765935,3.2118496678291035,34.27917326943209,0.16461777823080698,1490.0943921382166,57.115540652384254,Normal
91,417.50707633619544,2.9175732863355957,37.05960835583056,0.237662744826316,1437.9253324980907,56.015523722647615,Normal
92,416.7312163815416,3.149238653489252,36.742291746742616,0.15584059253136717,1476.2988468120934,59.221613823039604,Normal
93,418.5033461849794,3.2636052108253035,36.675205324150404,0.1635249213551013,1467.6859066389127,57.8372090609019,Normal
94,416.18335642713487,3.0947538797949345,36.57954971379283,0.2630160319458176,1488.0668705514754,58.369882339160796,Normal
95,418.6036417664918,3.0979811567446123,31.923750929644292,0.13967654756330383,1446.938121184612,58.24243257979346,Normal
96,415.0552551375687,3.619109328068821,36.65385474752833,0.1712359788476454,1487.4410837177522,48.944323454960575,Normal
97,415.7068436743257,3.392716298471742,33.04282750844032,0.22575016172827717,1480.0774461124163,57.923560430495996,Normal
98,416.8983455983188,3.767673214451099,36.36373251011699,0.18992882345201345,1468.1095865068964,55.75077815267604,Normal
99,417.4910074496327,2.9859790435227835,36.14313247443879,0.16089370212939533,1482.184697386196,61.668310526434745,Normal
100,418.1126198327737,3.0724959002863135,35.46025012941326,0.1408494513687077,1468.3356010988584,61.88650246522426,Normal
101,417.27096584993603,2.969458668955594,37.73921184021132,0.23422551435219802,1481.2015235483555,69.38397906279033,Normal
102,412.6786324026893,2.888836324172146,32.44255950219144,0.2398417724595673,1484.815484845311,59.72207664544772,Normal
103,415.8399058789595,2.918627738175406,40.89150395923365,0.1851688472790091,1476.6409219190734,63.62883311949346,Normal
104,416.44302769521016,3.255971006069783,34.419051089109374,0.19885873428543982,1503.2303674471254,66.7271002307749,Normal
105,419.77955987991817,3.072196080892204,34.02079035948284,0.17496852319601408,1475.8358736843304,65.47095759235474,Normal
106,409.92260611085555,3.5823875798651534,35.68398420284202,0.1629247572021032,1459.8184343710975,51.72571664067115,Normal
107,417.46951175188576,3.218329491797101,33.42007820051789,0.12819684911745535,1469.963229510648,68.34510762644696,Normal
108,414.22122594590917,2.8242142617204737,35.508513871828114,0.16909105721009318,1434.5467003558765,59.72852566741094,Normal
109,414.30719640937394,3.374051591203355,39.69791218989069,0.2250626011819103,1470.9666696416775,54.46737045629165,Normal
110,422.7200794097496,3.214804608503622,36.02785858382589,0.17903499651559987,1477.9712714115178,59.27819794038029,Normal
111,413.27901397935926,3.063285264689902,35.934493459568,0.1582630091546494,1464.3073132598424,60.53215113845948,Normal
112,414.2350683477374,3.575998247145672,30.698060383213978,0.22366027407689848,1493.6912778874644,49.63304883795925,Normal
113,413.971937217759,3.107139783501052,33.184976610564355,0.148887332496365,1458.3413623180127,68.76135221711812,Normal
114,417.8070351794424,3.51788877374854,37.44334412808647,0.13483792915131082,1467.1321960058035,62.44687280613959,Normal
115,411.33361657332415,3.378249607543097,35.51934920368373,0.1650071676980161,1485.6643995230525,62.2213165574302,Normal
116,413.9171015025428,3.489832450841062,33.83787334480021,0.20463742427777054,1483.8965188695258,58.45226780343005,Normal
117,415.97839906672635,2.8872216059036746,37.8480540384138,0.17260391454228044,1467.1591546922143,65.24504612918444,Normal
118,412.88696892837174,2.84788467590911,32.886741652952196,0.20424039805382557,1455.7935597125559,68.77397090992183,Normal
119,408.7542117763488,3.6241140920725097,36.42203493440524,0.1761314755251843,1466.8262136978658,61.99568057176035,Normal
120,414.8870958927255,3.4758254705041307,36.22845529732408,0.1860120704584751,1469.5458168167922,59.71527188139466,Normal
121,415.92340530667616,2.772457901835844,33.30362915578857,0.2097305637609086,1477.5629815719192,59.0800833182366,Normal
122,415.0553017991962,3.286895426340418,34.920480639381275,0.1488678109839075,1477.9376788264651,55.10813611192484,Normal
123,416.22475826714344,2.77435409894054,38.05831127465129,0.19890389929652172,1478.840446014708,64.91345491972757,Normal
124,419.9964233333877,3.453592516254533,32.31825153733671,0.12881692133057193,1465.6277213345647,60.130455251054165,Normal
125,416.5529770614074,3.0185640467116337,36.373533528954155,0.1497846827058671,1465.8272329551207,52.96669451575889,Normal
126,412.2303002616673,2.8620788485959165,34.04825349404533,0.22214567186431358,1460.7590166675209,73.16191032418695,Normal
127,416.47995370264266,3.2462090309237186,34.283284439637576,0.20801239517635964,1466.3654326064334,60.610049073226804,Normal
128,422.68025361480636,3.1759850250688375,38.29854665257135,0.1518729429949645,1474.4751726425457,68.85400317817755,Normal
129,413.1190988266367,3.6531121394992323,37.41550387091095,0.15750132896422928,1484.486116085833,64.86277224813365,Normal
130,416.8654298866516,2.807443820027386,34.54572564835026,0.1700992545779398,1473.8834985634994,63.10336048775339,Normal
131,415.53310300279975,2.866163910322475,36.76039570201193,0.20442342981135292,1483.3968567189656,65.4039036277731,Normal
132,417.50176646364673,3.3147950198071094,35.85966857708271,0.11356156265936034,1481.4442732869888,61.03843843581556,Normal
133,415.81473651158615,2.8808128560449227,33.837886919183475,0.22212611413331612,1474.40667269215,63.40750348686312,Normal
134,415.08495512839136,3.2074390348739366,37.876567611952,0.15935821087130503,1476.4418116541146,57.68862355647479,Normal
135,413.696511317703,3.12270696913284,36.44426754326743,0.1608500551334609,1493.836341883603,55.52696348890248,Normal
136,414.4393850675159,3.0900672354314564,38.893955768707464,0.18786219106046298,1490.4776680920295,52.57219813481514,Normal
137,415.80115079760776,3.4224076989058596,36.16456797855085,0.22261921500261406,1467.2406732484944,67.0467372009279,Normal
138,421.89669437085774,3.1092903598900854,35.108994957198455,0.23813537908470803,1498.6935821859606,57.38569986423366,Normal
139,413.7394395487124,3.1295538477848734,33.311098977931444,0.14325392214063207,1459.937888498719,56.16101217447936,Normal
140,414.89594533783963,3.25855368313413,39.101000985628154,0.14006583837044834,1489.7648359771488,58.93005577887246,Normal
141,414.8516088710427,3.368704873041651,33.7545559568754,0.19529638984736203,1477.4967831231959,62.462256320040744,Normal
142,415.86750593172343,3.813825034977724,34.72452003149737,0.1587601217999273,1465.6528921036286,57.22261440419873,Normal
143,413.08783861808047,3.497254132776888,38.84100849597971,0.15717014825002093,1462.5146664034366,62.35707778193202,Normal
144,413.3433308671571,3.358232954438878,36.4058460417026,0.11937023540011071,1498.212578019951,68.9793883654776,Normal
145,413.16163392854685,3.1030746100160043,36.57173078144981,0.19337827159948098,1484.8781640900925,70.05102269383175,Normal
146,414.46915831751784,3.000425688865387,33.241361543970946,0.15076279840232323,1474.503095406893,68.97278931758893,Normal
147,413.44716610289146,3.255946987909725,35.9671542078545,0.22753573093792334,1512.9039863881044,57.3456561353984,Normal
148,413.53168167244536,3.461040219267268,37.363782979252626,0.25386829302944136,1483.7589227798894,58.203539546064704,Normal
149,416.7719644920769,3.4771758951457272,37.640964362394726,0.2002909612442919,1491.0001203438374,65.84647795222837,Normal
150,419.14647697311256,3.362177471897411,35.66576383936629,0.18586854745733292,1493.0976344976254,55.91532164506382,Normal
151,416.1060199266187,3.10166529691816,36.05748964586964,0.23113807450429194,1477.8664860202985,60.23218274078074,Normal
152,410.92043157706024,3.3865633915068054,37.29096836228215,0.2665301889322184,1470.383326475705,61.0957516383197,Normal
153,415.74815105113225,3.594363319940869,35.809408935226095,0.19116086103081356,1484.1184476457481,60.93304561578179,Normal
154,413.6606991563484,3.248522498224577,38.14726349971954,0.1389393880235576,1476.9945451122032,56.499395925304135,Normal
155,418.5851398867745,2.8192032738040567,34.882156305456824,0.19508847500258084,1498.4828604385152,59.67124869463506,Normal
156,413.3344014199204,3.6702892673601477,33.103972199167515,0.09204776173519671,1481.6002167508,57.489728878236946,Normal
157,411.93630154860784,3.3770891118248385,36.4876014275424,0.15743685477053085,1455.7954340199367,64.36228664140073,Normal
158,416.950603533876,3.1752060340551544,39.69327399209533,0.13719660934695388,1452.117122436129,56.540459650593775,Normal
159,414.8632419509335,3.260834862330673,35.51752788428734,0.19408221586057187,1456.2269086371434,67.2188230203663,Normal
160,414.7535464648223,3.479323957897032,36.68545069275541,0.19827012876615135,1483.546509203483,62.23854280008658,Normal
161,416.92816827960263,3.532288132533108,36.39304233940294,0.2083601503035405,1473.6539645856917,67.20058607724737,Normal
162,412.9708230938222,3.650235108227704,35.919684098711315,0.12276899591527807,1476.9215662236618,56.5947417126256,Normal
163,417.52193064696615,3.0368440051744026,35.10763313357044,0.10441837076217875,1468.215405211264,47.88060336685522,Normal
164,410.2482915295428,3.3901036640360744,37.571600317301666,0.1970183024713986,1460.4953578530617,59.7614432192901,Normal
165,414.9891923827283,2.9104088277018647,39.0067966035343,0.21509449162302685,1471.685537392555,60.134429194972654,Normal
166,415.62514842384263,2.6895662828939275,35.505645234958806,0.15272063008008804,1459.9756998515763,58.594498535570224,Normal
167,420.3930595805486,3.360210715316753,34.857642020434405,0.20290331125424635,1495.99033154879,64.62316841456385,Normal
168,415.1788911097605,3.038265805573607,37.39644662722718,0.19573941541686998,1488.427898300416,63.175859008409844,Normal
169,418.148658145958,3.066191197109858,38.63478813126865,0.187903984187696,1506.128913089379,56.55406090955216,Normal
170,420.20789140949574,3.249477695865662,34.6971639927711,0.16064456663782714,1470.1947903770852,62.12082973200958,Normal
171,416.5685064641065,3.0565749990153552,35.95129081547803,0.26569081434447456,1500.9131475515107,62.18161834837016,Normal
172,415.1140104345046,3.2300078316795653,37.227035945460834,0.13908829739206377,1471.1393519386497,51.65707963061205,Normal
173,416.1976693678158,3.3617989849256853,35.03362707540125,0.2429594705316013,1456.6135150549649,52.6781255989509,Normal
174,415.67335545567994,3.4617745756530387,39.367855382915735,0.16164462948524239,1491.1802125014694,59.80745765249647,Normal
175,414.48211810017756,3.4209149843716684,37.30464575682684,0.11694431372063002,1497.1481052458885,66.90045677073726,Normal
176,413.12331189547143,3.2989508833593524,36.98806037256548,0.19042695063295628,1466.7454226923187,56.641883160309746,Normal
177,414.9233377870257,3.4931822548148412,37.087200309188866,0.16517542671655575,1486.5754806597251,45.75728689684962,Normal
178,418.44629710111633,2.765071555305475,35.275118117193735,0.13521320421495425,1455.5797778641863,65.8041339368926,Normal
179,413.5968963960643,3.286625970432679,35.90615884224163,0.19908163308892485,1476.152328365904,53.58503887905715,Normal
180,417.9888004583414,3.076560854209672,32.8868362026805,0.1628753935613635,1497.5113968595147,64.25110871056746,Normal
181,413.95404359677644,3.112685573920393,35.35672989756524,0.2630699193424336,1480.7290317834734,62.15020823595535,Normal
182,418.0908503620955,3.2596972897566285,35.48191570835859,0.17214600603660085,1473.925981108789,59.813888817450795,Normal
183,417.18288863091095,3.212986471451825,37.465280154431156,0.1767713367956567,1476.1795278547413,50.00899657733946,Normal
184,417.7489830241074,3.286622118974498,37.996020219719306,0.06414978487225242,1506.325620571711,59.30205185922413,Normal
185,418.32454845021255,2.9400235182186174,37.22554781012514,0.13786337747305374,1465.643465589563,69.57015676933393,Normal
186,414.42795279770996,3.254358218294931,37.740135461377506,0.19982727551890417,1477.2562835771537,61.824805012331126,Normal
187,422.2102467557148,3.185595300741604,36.40219809342994,0.22202617584030448,1491.5828889943698,65.9351515278019,Normal
188,416.9161906660876,2.9142487718173795,39.26686306460219,0.13414618427925246,1479.5395319785855,56.22862074990321,Normal
189,414.80758496022105,3.2821906025758705,36.64271443090055,0.19687683016941138,1499.2056690358797,62.2676715075699,Normal
190,414.26753009412806,3.4410217920720894,38.37894097784928,0.1308956873945203,1483.961001047748,63.50586371155449,Normal
191,414.10730948992,3.543926703327905,35.69988882593495,0.1850230581388617,1472.403922635742,60.077895237907335,Normal
192,411.7111747393144,2.8399872793514267,39.18901012644994,0.14612154606726688,1460.1291147581553,49.23304943198143,Normal
193,413.0831147569315,2.869227551648126,39.28403032027274,0.22039268357370537,1464.677744822334,71.26217902672154,Normal
194,417.94529646097476,3.1187921541228447,31.001188570252854,0.27163770290362965,1454.156412998546,51.77300626521554,Normal
195,418.0677112960289,3.8099381015848186,38.768545637021035,0.20255636480209438,1483.9213151249794,64.26707779390154,Normal
196,417.2767857693603,3.270297855992344,36.20840220790375,0.1774962748840191,1463.6905311669998,58.59662461566613,Normal
197,409.92112955741385,3.1754150933013126,34.022817785698166,0.13585642731136915,1477.6984122673023,66.96001143172299,Normal
198,417.75494981800693,2.807374849094206,34.02074372685932,0.21763084751952863,1460.2626890969254,58.87683425001488,Normal
199,416.65015629707364,2.9579138862840915,36.21075101229192,0.1266389802032718,1465.9794853407318,61.598909670712686,Normal
200,410.221018799405,3.3101186844901,35.96072440214664,0.2020995981766859,1478.3587120109698,66.82070214986922,Normal
201,415.3756735079437,3.092648614718687,36.244595006064564,0.2017319211614555,1475.7329010548856,60.20295845601941,Normal
202,412.89402493657974,3.0342747706122633,33.19478945640061,0.24998306972747758,1456.3420514691306,56.53547401102046,Normal
203,412.84477820329244,3.4237310942361106,35.410100643415944,0.22990968290694935,1464.897640636342,61.39497081111901,Normal
204,412.4939588402207,3.7362872819433472,33.624803161940974,0.1923928284090811,1484.5066532139815,62.06899548725749,Normal
205,414.44413702336686,3.167544825066644,36.087622943958216,0.17411991993486045,1489.4581867519237,71.05261500795676,Normal
206,413.3275246449765,2.857549255105231,35.823435903297494,0.28318837350617276,1462.9448814804541,68.19558402722033,Normal
207,420.03310244222934,3.0616029395730013,37.13796615837055,0.2451358649251415,1469.3130838851878,58.98209819948819,Normal
208,413.2549572581541,2.9463108173267836,34.70144490986799,0.13104238932950973,1475.5112520238883,56.150133844706794,Normal
209,415.70135773537226,2.8110260884490934,36.661760464428916,0.21334115846435697,1445.0939653614282,61.87028284923786,Normal
210,418.6830069774199,2.897589745327199,39.34514477367541,0.1967607603746418,1464.424822163624,59.72115461171147,Normal
211,416.6749807375652,3.219001347853103,37.07751198489274,0.14317305627682533,1477.5404123605413,52.9314275154751,Normal
212,414.6663218159539,2.974023089633803,34.528940114820465,0.22944372700841748,1491.369651808914,63.045690604535885,Normal
213,411.7230617059823,3.1208978875763,38.42619539995837,0.18566867654559618,1509.7899430997254,61.96658919697186,Normal
214,415.5761473494701,3.1227208839493747,36.267081809564566,0.17390120654477823,1485.6216301503289,64.78351158397292,Normal
215,412.64203161847615,2.8671917616105556,32.327589253793406,0.20031965307650174,1458.449500907392,49.23554703523759,Normal
216,416.1657358135929,3.823249879358198,35.98785817692021,0.21353963097806566,1476.2274403782135,59.50555173404429,Normal
217,417.7572294489633,3.1274313639528373,36.534784628143804,0.19286791224784053,1464.9786431953544,64.96021174768262,Normal
218,414.4751207299138,3.011063710126789,37.07301968714081,0.1440612807283585,1475.422717360537,59.954405016778985,Normal
219,418.25768669749476,3.3186745582199886,35.94994608250971,0.21271065196801148,1495.8531132352598,62.78905153175931,Normal
220,415.03105785953016,2.87204094191246,33.869772673849255,0.1677910118258133,1465.8573169676108,59.06514348507277,Normal
221,415.1699497746913,3.332423188589183,35.85900244388182,0.19946006575304806,1475.9671162221518,50.12266716823064,Normal
222,412.18199381854373,3.1639781110695964,33.58061051431778,0.20399714919984818,1497.9612624851554,66.09380925848659,Normal
223,414.3596713872094,3.5726815342124882,36.297334914404225,0.1665165611552784,1465.798960046886,58.48765156755936,Normal
224,413.83546954437634,3.242604055593872,36.32114796209973,0.18012184080613658,1481.5540725461954,65.9532313739317,Normal
225,417.84866240632397,2.8287755078875243,30.89215773019609,0.21737279644957094,1454.4968195237686,58.87617299053658,Normal
226,411.4896609218219,2.749504890604995,37.082925456409576,0.21036620641210588,1466.3523439890992,47.04478853927545,Normal
227,413.36126665524256,3.297951001350637,33.04217686245174,0.18733439679116623,1474.7703522624051,62.89645749800544,Normal
228,415.3587411052425,2.9567327647796113,38.39314300332898,0.1736588170789212,1474.590431907351,55.33366020463402,Normal
229,413.67015324642546,2.978799321493275,35.654107880153155,0.24846833920569372,1454.4214828560296,51.932193010616295,Normal
230,419.41351098248083,3.1476690807120336,34.661854522680166,0.22159618749584306,1465.915766903947,69.13004856773468,Normal
231,417.0337776140178,3.0780221479635745,40.314616426531,0.15577140307986645,1486.1314305801395,61.49646290203246,Normal
232,418.9052238681964,3.5903777991817134,36.06400829813153,0.14986328518615266,1481.8995821440867,56.61142315123947,Normal
233,421.04016174257987,3.2341338327706843,35.26935689737578,0.18738721223459634,1454.7931056570546,55.14192980744674,Normal
234,418.60124172383325,3.035776430257151,33.90617803463612,0.20146611010109144,1492.785562319945,63.594766553325336,Normal
235,417.98814305741746,3.010801227857635,33.15637866651631,0.24005334607821946,1470.159802417368,58.745834917724764,Normal
236,418.98458242554716,3.339057502350165,36.91177554416321,0.2666000937960433,1465.3472265442979,64.63920064040619,Normal
237,415.17103937469125,3.2671480697158146,39.05693685282506,0.20031343025158493,1483.0744411857445,65.362536686549,Normal
238,413.9051418113713,2.9901975831652488,33.91038161195793,0.10134573642495992,1505.8431069491048,54.483958171391585,Normal
239,414.3362391292427,3.13079667502777,36.6148133956182,0.21262948850157187,1487.9071023253962,57.08461280715531,Normal
240,414.49863485864074,3.270644987622075,35.502617747632904,0.24429382304079972,1482.3646242745738,63.67438893024909,Normal
241,416.98864380600224,3.4933684643713314,36.36204311740742,0.12812672208176612,1480.9953192762896,56.74321553104085,Normal
242,413.4141499547507,3.3465910046887735,38.47656614286727,0.18085086306944245,1479.6324951889844,68.5110747231762,Normal
243,415.7222595384657,3.850420778545099,37.13101929126309,0.10956948963376728,1486.300124316568,61.90579192441389,Normal
244,418.86925826224825,3.36829533781749,35.72308803203245,0.13102807054842536,1471.8646511407096,55.7473977289535,Normal
245,413.2584296505858,3.3471446011051524,39.339809008702815,0.19578686119291924,1457.0617540694723,62.2230133411007,Normal
246,418.58989445993694,3.0475542739201544,35.73196566665416,0.18058752778916787,1463.2265253037665,63.2414021692193,Normal
247,414.6371555541767,3.304883110976757,34.225015644395796,0.16250166798706359,1485.8357203674166,58.13583423954117,Normal
248,420.18089155370023,3.1000909535963497,36.44936945150377,0.21730363327492358,1453.7245140060045,51.19595594009612,Normal
249,410.4230310562897,3.5156460258567956,34.89628370821511,0.2823279714267301,1466.5362860201392,60.922756515985185,Normal
250,419.62632985770364,3.701523222039781,40.123007153272795,0.2283346492237257,1490.360937887172,62.96263474600592,Normal
251,417.3350832284999,3.83464428510144,58.72720446631077,0.29979753255534286,1426.5963075495015,67.73385975336362,Overheating
252,417.0891623423702,4.286591562571153,62.35362754516739,0.3886518048633157,1407.1662177173298,69.03170270360141,Overheating
253,412.84953303819157,3.440039014878082,61.6692772566292,0.292695149497003,1460.2689948648426,73.15405842277389,Overheating
254,411.9274395270124,4.556227769900256,66.88413478210141,0.33492586220811693,1425.4703180230033,65.2028038163826,Overheating
255,413.8833796717868,4.326624585911256,69.53834522373843,0.3925946116963313,1420.2230115642744,64.40191283355495,Overheating
256,415.4226587407336,3.4694681903311446,63.29267085673913,0.2911438448220799,1420.679269962635,62.026484663666025,Overheating
257,416.54080031970915,3.8401897481014267,57.32033265715885,0.12766426720310103,1429.4497018989873,78.86125798334872,Overheating
258,419.98377764364363,3.8628711230241186,59.591151758552876,0.3281264553645014,1410.0322912162342,71.50895949909733,Overheating
259,417.29824083515405,4.368079967165293,61.59938369408019,0.28777957498938206,1412.4403482648688,65.8655982298007,Overheating
260,414.3205633242954,4.110209652044853,65.654338504933,0.25180926295917927,1459.8537713791904,68.64438199478715,Overheating
261,414.9358981169547,3.775836496255653,52.30303895890823,0.35304272378166296,1444.7368779418487,68.59336221440893,Overheating
262,415.2009721516746,4.15478176531123,55.74981657245383,0.2682568393592223,1445.8852935924365,63.72855288415376,Overheating
263,415.8806737964999,3.5930254586129786,63.865719929734105,0.297861511062151,1397.6973636818898,75.82369677228586,Overheating
264,412.7962252696058,3.756924268895686,62.80227678892377,0.3689182409657229,1409.683563620432,70.30839924923986,Overheating
265,416.2864495009917,4.207931682178943,62.7057662211089,0.27797832965500063,1413.4481955870256,70.43071941523188,Overheating
266,411.7835829640432,3.1235948549516177,63.74623921663067,0.3542360904651717,1382.7413512891633,64.95134647645031,Overheating
267,416.8574627830156,4.61724864091351,62.08317483070163,0.25631982352625193,1426.342071177903,76.87438209574093,Overheating
268,413.0621074626264,3.760242398004924,60.06902591127187,0.24280028350447724,1432.453406319896,78.1233922923478,Overheating
269,415.9692378193481,3.924293949362114,60.83275492433782,0.20620855147820055,1447.6621955429432,69.610814014936,Overheating
270,414.45856025922814,4.957932270353458,63.19501163346275,0.25489253699428893,1421.472848075889,75.74222854598378,Overheating
271,415.3398112316133,3.56851660650479,65.67691573830082,0.25991135486766037,1467.4659555243509,75.40024032857325,Overheating
272,413.65803431302373,4.384304908520534,62.27142204210961,0.35116642050733315,1439.6946563458896,65.76821672504563,Overheating
273,413.0693505030476,4.308988245274349,60.66089867157384,0.2757810922054802,1410.8975484130128,72.11799532796731,Overheating
274,421.1875747577294,3.6797401257237183,62.096877826691035,0.3847332333249257,1428.4071721750856,72.26185898124866,Overheating
275,411.8128194155594,4.128492129162295,61.25142293998181,0.35914379974079175,1453.747721031295,82.94781821009308,Overheating
276,416.7388995196407,4.09773889497465,62.77753720630935,0.27881002243135866,1436.7696768692338,68.52299294930485,Overheating
277,415.50538292880884,4.395279260682388,57.973829738881435,0.36839271366774273,1456.3423013467973,69.40965736504461,Overheating
278,408.6344353029742,3.8176534038716703,67.18797818624444,0.2986279162620671,1410.0139553541019,67.47612539385891,Overheating
279,417.52186007951366,4.164020070460413,61.04427160332122,0.2779905352911187,1422.1648370191235,65.38794907750749,Overheating
280,419.84612706840835,3.903303859236598,66.86863408330198,0.39127896311534704,1449.9662179629593,67.84189843640976,Overheating
281,416.21119027100985,3.992741318082725,58.385192557079485,0.31946155690329614,1406.419204176804,75.93839694230782,Overheating
282,413.60614810810483,4.060347896761852,63.133151486184566,0.28446570157775536,1441.7338760295056,67.62548171688738,Overheating
283,417.6138918923717,3.5962060959259756,62.50551831818565,0.41633573994349704,1409.9933735078885,66.61127514737575,Overheating
284,416.54172354897673,4.05387453458188,63.402520397094236,0.3293512278088598,1442.6944293712354,75.54849920978111,Overheating
285,416.2294559707855,3.9276227036144373,64.69029480481092,0.4139929160937129,1427.3473250723484,65.12735347664679,Overheating
286,418.3212420078609,3.9638856508139204,53.30932181594385,0.3508453006290253,1419.2934362809215,69.54733358847919,Overheating
287,415.995940991707,4.05714990393372,64.83780726855616,0.2738708177658094,1440.2621159635216,68.70226661208041,Overheating
288,417.2164314426625,4.184610245203916,58.258245191821615,0.3651589269705019,1419.2807310977191,74.04028899140573,Overheating
289,416.101861940204,4.551455103038537,61.10613607051259,0.2790409922329081,1429.6116078822454,68.48410108582863,Overheating
290,417.3998257058262,3.5151068174690234,57.785270323414586,0.2359318247052484,1449.0061518394716,78.55306686290963,Overheating
291,414.6866523443876,3.9493534830429966,62.28020865245273,0.36971269815649144,1411.4529373161886,71.19184491367392,Overheating
292,417.9255928893473,4.1503282509819535,62.758326466394976,0.36006276555402844,1375.9353541400153,73.38937659765453,Overheating
293,413.03777295061775,3.450810130943063,64.04481039809993,0.3824195127097775,1427.2510297074462,74.76437273601469,Overheating
294,419.83683477396596,4.3944743360752145,68.55985811748558,0.3445276494643135,1431.508672778032,61.99017094051416,Overheating
295,414.26181253561015,3.7470260214051425,70.68377086999125,0.2894468512540598,1432.4640961356897,72.75742688020233,Overheating
296,415.1308073391174,4.508515312129226,59.509402553062195,0.31167644731423455,1415.150588286039,63.399887443896475,Overheating
297,413.16469272728415,3.9888889608854763,60.28279110193096,0.2584547412075686,1401.8736507265633,69.58447213685653,Overheating
298,410.485838877907,4.2280167891068805,62.32975901173801,0.21254691003210416,1423.8158184590027,66.23921797204709,Overheating
299,415.95752353125755,4.402135133806944,54.499310121417025,0.306901564748845,1426.7973440886672,73.35670038225233,Overheating
300,415.6395898847131,3.7744092004783543,60.72378425733353,0.2522384485917907,1451.520142771972,70.10655824335971,Overheating
301,420.703572057259,3.9818017558556136,59.16637293235815,0.20917713644323038,1393.9372064748811,62.07932028497255,Overheating
302,415.8013799530344,4.15261750696898,55.67523719187147,0.35370229884456694,1420.3387789663311,70.73396505992774,Overheating
303,419.8366618847663,4.26905179475966,60.92587740837667,0.24652846647508275,1386.963691973414,66.4042334037879,Overheating
304,414.36660928351694,3.703846141854645,61.47497213163078,0.3046111129775261,1425.5028803638384,66.7499870958827,Overheating
305,415.5059640159002,4.132582194870823,57.638403690228614,0.3846559427847762,1428.0282373543148,70.09424811472424,Overheating
306,417.12464326976965,4.06996483937905,65.81254653565298,0.31722744991210944,1417.7512525071913,71.8075176260305,Overheating
307,411.568821378038,4.032567911732957,61.867080037422156,0.2875129885636476,1427.4292497712213,60.5907547725118,Overheating
308,413.3538252767771,4.027853470342334,62.639425567989605,0.2383394915444425,1455.314156817294,65.66912575892749,Overheating
309,417.9083716015802,4.128158308561505,59.415090760624786,0.4065186535565707,1406.1272633648705,74.59577086805001,Overheating
310,418.0017469541289,3.7988139372770067,67.56986120025732,0.28499720912406284,1435.7738725855972,71.30160919385611,Overheating
311,414.59707377558834,4.243242481947934,65.17395488220885,0.19508808160570915,1456.086804857563,61.68754005982163,Overheating
312,418.09763861302497,4.338011541048275,57.636134279139206,0.2753511427227249,1407.8859066302812,68.92539484855632,Overheating
313,414.0758971474428,4.233898159680802,67.24123498447844,0.38374102864739734,1418.756639468434,68.95389063127736,Overheating
314,409.94968542333714,3.7582389800511433,65.85940653238983,0.39693496941289386,1405.3130225624016,67.03767870423553,Overheating
315,414.92078272912323,4.084048347645882,58.761585920313415,0.32544366266784536,1420.5232130585816,69.9277386456086,Overheating
316,416.6388527440111,4.001926680943281,60.25445643789372,0.29342341176445014,1428.2327408158933,68.14994485058936,Overheating
317,414.2236118119987,4.4795941511514155,64.24367779176495,0.2822711809182504,1443.9390880902147,68.33090255121995,Overheating
318,418.51937391275993,4.110892657659428,61.57079142398308,0.32686301554861663,1398.58247695863,64.36616265545098,Overheating
319,411.41822498080285,4.042882928429112,68.93005999794036,0.4338780087715579,1442.7610220288152,72.50422237472229,Overheating
320,409.5968267975418,3.8371978600797934,58.84886499236704,0.26274914410493305,1426.6371236283042,67.63954711151436,Overheating
321,409.06210056887267,4.22437307683526,57.70902789704078,0.31435481184666897,1471.4816533949995,65.40307704206788,Overheating
322,407.409137431761,3.914198733435967,66.40383853999428,0.4175008472532356,1405.4090081109516,72.48349611618261,Overheating
323,413.6040686296598,3.9682154937087595,72.57737338806814,0.20982178029629078,1435.0747932298914,72.33846585882716,Overheating
324,418.25735897481803,4.029394946041268,63.232202158016406,0.2765010859546925,1435.3825388249022,68.28403862251295,Overheating
325,416.86471566956817,3.88911689918691,63.508401575608744,0.2982442311789013,1452.5210050154433,69.74303138205757,Overheating
326,409.68090259537934,4.378576450214197,58.377070796549525,0.2607740196810708,1418.0867741191303,76.87219046585409,Overheating
327,408.59297735806393,4.941324560097998,66.22422723626421,0.3133943348477496,1428.9021199876743,71.42777037428829,Overheating
328,416.56336728513804,4.193564675785017,64.22241786401379,0.3053748408753149,1426.0532315938535,69.24363358173244,Overheating
329,414.41527515894194,4.340131029060119,64.37422688912345,0.12357668192014318,1443.1180155305951,70.97368097359387,Overheating
330,414.9438737306623,3.8834444640733343,66.49645087994405,0.35685158772737147,1414.542446643528,72.03526143562267,Overheating
331,412.08502979637615,3.586114550563321,59.49313110164014,0.35174360834296553,1449.0625009075218,72.56542710048646,Overheating
332,417.175287360544,4.1548534861344875,59.43407361910819,0.3259153526804364,1446.0081905045536,73.77145664906787,Overheating
333,418.5667401144239,4.212491154160319,63.405792830166334,0.3642090142989856,1429.4695748150189,65.5906267438614,Overheating
334,414.5107991081687,3.7765292065580653,59.29928690010247,0.2913288797570689,1414.1516015800007,68.46019235180479,Overheating
335,409.3191559991386,4.063988112211882,62.0048219014489,0.25097468213590857,1443.184913368648,74.6878506881328,Overheating
336,410.1773204068931,3.7711825664301357,58.92343060085081,0.2436058139334681,1446.589496838635,69.03086930613598,Overheating
337,414.2064554760682,3.398841290677974,64.5416721208369,0.22564449630879163,1431.1986526053265,71.38688468979096,Overheating
338,419.08197578751594,3.6073538802642666,49.9219513767167,0.3110309726852217,1466.010223630217,76.19473176469718,Overheating
339,415.6289782458239,3.852509144310386,65.22849038654924,0.24158722801773186,1439.5271553871244,72.52735079583313,Overheating
340,418.18062972249663,4.827898011673323,63.56966386871507,0.26946218245755005,1429.48851375616,61.15462047555441,Overheating
341,412.91586060673285,3.877215268566069,59.90364640826163,0.3091412923220233,1413.551601352356,75.60515333662235,Overheating
342,415.0006211947546,3.997209903658416,60.68842113394833,0.30931144103153874,1446.5019652933527,65.6643489214455,Overheating
343,413.02565053277425,3.9088821913670007,56.616516306107144,0.2508445284167101,1420.4755825291068,74.37194590356364,Overheating
344,415.7876839870058,4.058076973410263,65.4035918486719,0.2917576926960362,1437.8092969985778,69.48389123533752,Overheating
345,415.7960870481989,3.8251724027165253,52.244731366894285,0.29194325026882173,1458.4549627219988,74.63107701120796,Overheating
346,417.8961924537735,4.3708392165418655,62.35463036384575,0.31183894244433574,1417.646962091313,68.41963571986476,Overheating
347,416.84731344931345,4.361165331150644,61.442214897276,0.2729886441089153,1430.0105591771319,73.00603374464558,Overheating
348,410.6684355515994,3.3111457140588287,59.797852602033664,0.2267572544451505,1419.8371960470538,69.26109840591265,Overheating
349,413.640254772931,4.435740260341223,63.30697905840928,0.3180284615766497,1442.444142880868,64.30583441109616,Overheating
350,418.1173353622608,3.977270714039362,64.68192246896486,0.23568856601759067,1398.9248246796787,74.08944829012515,Overheating
351,416.12922857829255,3.729384533692747,58.52134767490122,0.36752608706488615,1406.2117621426535,78.21336476627982,Overheating
352,412.2981377960564,4.191517577682515,60.685526097004065,0.3361912458649406,1419.1177199577162,69.18603546963853,Overheating
353,415.1227575261872,3.699343763265558,64.9632973816805,0.2692071860117049,1425.4280016931996,65.02825312695744,Overheating
354,407.31299902361405,3.9426916712199493,71.65046168645166,0.3470762572738814,1429.614792405312,68.68554585395866,Overheating
355,415.0673976784361,4.164135734552563,57.276748738764624,0.3668593016801323,1444.3076263088249,73.59092862853967,Overheating
356,416.31542721642916,4.005884997308197,64.69144494386728,0.33550884802448266,1422.9191857811795,67.13199113551549,Overheating
357,415.305568885786,4.4647060454485565,57.043571697384394,0.2119484840548536,1433.2952168247302,70.25443850928009,Overheating
358,415.52002499311124,4.07318595937255,61.10719098146078,0.3893918063161249,1397.9819204304697,65.85751487609878,Overheating
359,414.69023571955285,3.50704335665375,61.296582382271716,0.3996882099436811,1430.4177297659191,71.15350452859342,Overheating
360,411.21950570448223,3.8150915775881566,60.49921447870425,0.2809370941946259,1455.6328759000753,72.78845530362562,Overheating
361,411.6656261291889,4.073951433529602,63.99288699398714,0.36840894231127597,1461.6108137313674,64.92452904086066,Overheating
362,412.567427466369,3.622726642325615,61.063920563572076,0.32798150246678004,1449.746690331782,69.62024488178739,Overheating
363,414.04045743023545,4.045527397674622,58.65942839347991,0.4253723233016864,1397.8467794576388,70.92370289447862,Overheating
364,421.0708186576889,4.002039953368,61.239843859994025,0.27855327463137436,1426.3921663647518,76.86424237338265,Overheating
365,408.36441426601147,4.460030110388898,56.30417139019942,0.2840008602459351,1421.4151115940267,72.9427663488536,Overheating
366,410.20562694434875,4.138651799824583,70.09723849314742,0.21820955972443135,1433.7941233522079,66.69008911101696,Overheating
367,416.2776616185791,4.005744333224726,59.43405236382276,0.32927233709226444,1466.086962195735,69.0454810413635,Overheating
368,417.1592738264445,3.612018112638651,58.17425449272797,0.3283443766728226,1459.6823205707192,71.7780667439283,Overheating
369,414.06082590843056,3.999787421627006,56.99836906412113,0.336270919581322,1447.6466612464683,67.7395483358346,Overheating
370,413.5898735567215,4.079763468895615,60.25312105583762,0.2960320431224506,1471.9944357833303,68.76487149627002,Overheating
371,413.92497954393633,3.8057374583094523,64.97676788599975,0.2891265496069138,1417.0125392335715,76.60652016136505,Overheating
372,419.25880901354094,3.8198729302783883,54.533840194557534,0.36045082139021534,1416.3074034848,73.95312799581384,Overheating
373,409.0896885468645,4.267779201489793,57.15531228287688,0.34384584714399147,1430.2854613567288,65.23030290301678,Overheating
374,413.77889106121967,4.20589553708701,62.423577812460934,0.33506477882834906,1469.5288116903098,62.17879194144474,Overheating
375,419.85163772490586,4.031306781256964,58.40486380670749,0.2201811824556606,1426.2175921844594,74.60825055962229,Overheating
376,414.6173526388674,4.453346479074204,56.19529723979377,0.29927466312923673,1404.9521311117376,71.81815941312485,Overheating
377,417.6606621702919,3.873771461895684,51.58314457349147,0.31193688880778964,1438.7347710346703,72.02147377480848,Overheating
378,418.7073465754665,3.6786838961052855,64.72086442180179,0.3715504507486785,1394.4282483198697,71.59825912959488,Overheating
379,413.48746050697696,3.975543198069506,63.390705934153345,0.2707662861531869,1416.4858384167678,70.17076208744012,Overheating
380,411.7382621834116,3.6742524613344445,64.71749313182602,0.23107235789048064,1443.3262500181843,72.31295646426976,Overheating
381,409.8225798136282,3.7967306042993036,66.77643761218948,0.24113006813161908,1420.7119147538122,72.31030446625948,Overheating
382,417.3501715278478,3.9245383341866513,59.60995922123343,0.3853421917019104,1464.7779932759515,74.89429025390898,Overheating
383,415.2559544276951,3.757520283507722,58.678222373773735,0.3313508463159454,1438.3679644177737,77.00799296473215,Overheating
384,416.9513502776084,3.5490759094720548,66.20779047089168,0.2401163623611352,1422.320574560953,71.25100103125847,Overheating
385,420.98700246935186,4.932975566801608,64.42689223654473,0.2890082028767767,1440.690112969611,74.43827712936918,Overheating
386,414.0379971233284,4.538563406773696,62.92028303676561,0.32986458534548363,1443.3184850410892,72.10793305307227,Overheating
387,417.51682150140886,3.814824044035923,59.766792984215876,0.23399074602169828,1438.7900246124045,73.89468251756057,Overheating
388,416.3733185984557,4.502347730004261,61.97761592468381,0.3401244993355507,1408.1659824772137,68.064501487628,Overheating
389,417.0866132726973,4.254730633222943,60.82413220934327,0.295704044888516,1399.6425250663838,68.21485399596695,Overheating
390,417.67114949055934,4.17256150483197,64.00266288552484,0.3029864212308576,1430.1412631725636,66.69839430263276,Overheating
391,417.0964852606076,4.126291883316817,63.9680753919712,0.26843790943994517,1386.933141602575,75.48576355876848,Overheating
392,413.5634876319748,3.741167270787064,64.77391564765597,0.2764792416048522,1451.1987276809325,73.08502974788348,Overheating
393,417.05070796960143,3.5902132866398397,66.8477759415456,0.31567503187403134,1422.6144572150758,70.71694233671126,Overheating
394,409.67129430130507,4.122595843444201,57.88251396727171,0.21883978284938793,1399.5528162756423,75.56344187494963,Overheating
395,413.11220981892166,4.4601183129749495,59.85679414779081,0.1975585225444232,1407.6695112010268,76.1790581000347,Overheating
396,414.53230546619,3.8355138110528197,62.64007290341115,0.3301069641700527,1452.3479763180492,77.24249614946463,Overheating
397,413.9206940626327,3.6021856941753887,60.34613935550689,0.3156168303949732,1410.7248214757878,65.21424542552478,Overheating
398,416.0313636446497,3.985404294528865,62.13118798164635,0.25449027991799583,1425.3919857158846,65.37883427865847,Overheating
399,417.67059523337434,4.310574800417125,54.61524855104763,0.2442293483884554,1400.0694148981984,66.74988032796551,Overheating
400,414.7496860906289,3.565106434090441,58.31256074749875,0.23976255767511007,1434.1453465879788,70.34672168518125,Overheating
401,412.8347873399882,4.0530462616418195,59.81327966165094,0.2837006933804368,1463.4690418059708,76.70230525895174,Overheating
402,411.1012562892172,4.248919725363752,65.24558621796636,0.23110420267484288,1446.3755528750971,77.68965959206277,Overheating
403,411.63236558126675,3.724749153695721,66.07064586737401,0.31628971864953886,1441.0295255047904,71.70294608200248,Overheating
404,416.17208776278443,3.6020583615066752,66.1892708264858,0.3701753995456664,1425.4121851186394,69.78261525093069,Overheating
405,410.40667749233285,4.1542764268053505,64.28822976685657,0.29626853898004135,1452.48706719741,68.3296138451003,Overheating
406,416.6938177776808,3.6941006983923654,61.90579139650305,0.28953874452582984,1434.5061584408188,68.15236535583321,Overheating
407,414.605582212985,4.247814151432452,60.25294305104713,0.20360537395567924,1464.9916780841083,76.90727039345244,Overheating
408,411.12321191468317,4.206912341573558,59.988100917794625,0.31580923291986357,1435.8844825802698,68.82796099841839,Overheating
409,412.6487030032408,3.7928376843051224,58.33523233807503,0.2500906675061733,1428.656434199013,66.42120005444625,Overheating
410,417.04615619713786,4.446173846600778,59.679787034519826,0.31436427003212264,1439.9937022060587,72.36001135459637,Overheating
411,415.2278658037483,4.222804725507917,63.928995810722625,0.22574025466036213,1447.3831212877856,74.4364541863337,Overheating
412,412.7101416874643,4.011381350634281,64.73331597124428,0.2874411708252383,1451.4595609553203,81.8193624730968,Overheating
413,412.64204190209506,3.5856866190538677,63.2152743824195,0.3432937503075686,1425.3826725231047,77.26630331660517,Overheating
414,410.98418260083025,4.207875586909483,59.576556716964426,0.4031626743724378,1469.8503070633624,66.16671706108326,Overheating
415,413.3513285922743,4.2578763660939405,60.45147740084194,0.2972753269240657,1430.5077684108483,60.40163421901172,Overheating
416,414.95848676171727,3.793081667780748,60.02750871040091,0.38661792020812885,1404.869862114415,74.06602593373988,Overheating
417,414.16311120900457,3.9160719494512497,65.16148758420684,0.3204030776741334,1441.4122599443906,74.84092330266431,Overheating
418,414.00607485045003,3.816328979647675,57.659397893768805,0.2504753682012627,1488.9818885061745,76.22339790368393,Overheating
419,410.9467769013759,3.6032626129769287,63.92746424687397,0.33283588784267804,1440.9776767063472,68.72522103223152,Overheating
420,414.6236372199913,4.098363857247807,62.34357202517332,0.16684197763514788,1425.4040073884962,65.74296782869843,Overheating
421,415.52563425672554,4.895577700781023,63.46992666189722,0.2811882188296561,1448.4360300395451,72.41343943604606,Overheating
422,416.26028347135554,4.182055177964702,70.22617425931817,0.23214669388044507,1439.472641536229,65.3680943500923,Overheating
423,416.66653793902674,3.724394046554172,60.33053274557966,0.28229460514572563,1449.5163343868942,74.59227221971207,Overheating
424,411.26284787066083,4.016480233299955,59.16168058100331,0.22448970535947993,1425.6596589915125,68.4575860577209,Overheating
425,422.2801494590366,4.129887947608209,56.48952999698305,0.26611355974974343,1450.4276659085879,80.44221386434963,Overheating
426,410.2420500632861,3.4360226844582864,69.48386070148713,0.32337685064225424,1412.6341453624727,72.67314543061218,Overheating
427,407.0927567829494,4.001012651979148,63.31128469137234,0.35545620837226977,1409.7220809541493,70.4284358070168,Overheating
428,412.22372612182124,4.076615126702295,58.41861471054791,0.2755139496503868,1410.0836921041955,73.25568120911828,Overheating
429,417.57535334997,3.929613829012776,62.15295197984011,0.21308451512198734,1424.0064670398642,69.74897691479127,Overheating
430,422.8623792730899,3.666409892267751,67.85670895500975,0.35981152640794845,1435.6127280898027,78.79310242097567,Overheating
431,416.1163164178206,4.116747758700378,61.78751738792982,0.3734141329451176,1451.9293846762178,66.87161356251895,Overheating
432,411.0422584162037,3.939105808781303,58.79984574240942,0.29618852552307867,1454.7487626936827,67.71349172456605,Overheating
433,414.87152985606525,4.017406820442519,65.39372352882114,0.16518663996092367,1417.865994104694,71.05641846139736,Overheating
434,418.6002368692806,3.8524292657481385,54.493789175832504,0.33718268675796814,1417.2927522234875,64.0516667045482,Overheating
435,413.12696383086035,3.944642392703245,59.58102134184715,0.16766603657405585,1447.9413239377427,76.37437520639361,Overheating
436,416.9545659740185,3.658694298872555,61.19403386420993,0.2996087210862325,1441.9758877912382,73.3417024435904,Overheating
437,412.7974786036645,4.024598666924068,63.82912161846097,0.387349339328806,1444.0901307964943,73.94528343687759,Overheating
438,415.2514798837881,4.4231377435610515,63.63905118383799,0.24833472538958576,1458.0673994025037,73.48951636269514,Overheating
439,413.67086793661457,3.856152109780227,63.18630218056305,0.3277910877160551,1433.9458453126242,71.55654336721443,Overheating
440,420.09987212372914,4.321462945670466,62.7625423650601,0.35647863484604897,1409.349521929449,71.98963524973405,Overheating
441,420.4279190491993,3.934586231382288,58.60946428552366,0.26087466668441633,1408.2073392531522,66.07619045936148,Overheating
442,413.8884757042299,3.5783298942464072,62.062473335798416,0.35413663042719884,1411.8448763970616,77.59641961820884,Overheating
443,416.5323762655828,4.309174175687217,59.36866178459145,0.35127151362399694,1408.1613219920937,74.45123750418254,Overheating
444,415.5155180193806,4.165975365995435,57.29762157750059,0.2462958094634037,1441.9445643650677,65.258259978879,Overheating
445,416.3896188762974,3.5898586580619263,65.39269685066667,0.22604860111388944,1441.0459987535905,73.12815466823001,Overheating
446,412.9096845447113,4.174607970125418,63.04176905333422,0.2676694886284357,1409.828906318476,60.1868715416371,Overheating
447,416.04895014189907,3.5305591685913833,62.381376797765235,0.28419310703506506,1443.582855508764,68.48977250255068,Overheating
448,414.01165664095873,4.219561211286488,63.34023211633647,0.31896935743096666,1439.3853517961704,62.32213938396447,Overheating
449,417.27036603996095,4.183740638204081,57.93326748569401,0.28535517157954793,1429.2138542474474,69.32751607799133,Overheating
450,416.00157989970563,4.429410034549355,66.32706691069131,0.22126684839411562,1442.441399806121,76.64466659767704,Overheating
451,416.1604255620676,4.32729412755579,70.04908178280306,0.36142257276641887,1434.9861719128346,75.22544237042376,Overheating
452,415.43466349929065,4.007170912985487,60.59434305714507,0.3938048015299265,1413.63142668116,77.66183862339058,Overheating
453,416.4995923712211,3.5802081475594174,63.470597171965686,0.17399840954090257,1442.5101603366206,74.42615741494495,Overheating
454,413.22293213304386,4.037064308786674,69.81662973500114,0.2696551977442838,1408.821848258868,77.40831701231299,Overheating
455,420.88776157159236,4.0011087015543545,66.04585214163342,0.38048855493185285,1415.1503153492324,67.57347082316066,Overheating
456,418.6926235394642,4.505504283612553,64.25152344069743,0.24721113878987674,1469.7412222339888,67.34514551094017,Overheating
457,413.99458665648564,4.102701350346886,68.21664168285909,0.3512385585931334,1438.2973100072381,72.31644265059053,Overheating
458,415.1305440059304,4.167441854355552,51.88175968922279,0.2822035524558121,1434.8264386983356,64.24492958190247,Overheating
459,416.1589699534347,3.9386586337041636,69.02190279326196,0.39438118351289136,1420.6838886176367,69.24581144216653,Overheating
460,414.7781573031748,3.8645021571521134,62.78009993611251,0.2545030758667446,1407.3876933012496,73.11355611950134,Overheating
461,416.88858875266544,3.7587052721020022,65.5814217230504,0.2621053362500801,1435.0633047607596,74.10172006306227,Overheating
462,414.89916230588886,4.13642227364234,59.934281424449715,0.28821200499431415,1425.8828113823931,66.26710826729881,Overheating
463,414.4696775106527,3.535414510340876,60.03538501143158,0.2829074703978197,1424.8764049500924,68.79251277064611,Overheating
464,414.8147074004196,4.1438324554258195,65.49806829653009,0.26101408638910395,1405.935982892217,64.78977793878448,Overheating
465,413.53839123641524,3.894423604655047,58.92001573521017,0.22223300014500633,1420.8775834505163,70.90713310056985,Overheating
466,416.7850883975067,3.8327730840675036,60.34800871142626,0.24439810146916136,1429.3712165925044,65.75785682904592,Overheating
467,416.71938343972363,3.4642400524197665,60.56148131019015,0.3180664403515045,1433.6766903264502,83.46516831990249,Overheating
468,416.04940007370374,3.6987836209473968,61.61814301164371,0.1934252199920129,1428.3880050140647,65.83471971499621,Overheating
469,417.7461708266805,3.8351379176213394,61.53293633681901,0.2618665295157358,1464.7770270370665,68.39378616941045,Overheating
470,420.4976711304376,4.24424552863548,63.928266909341545,0.3221239888390512,1437.875945964325,60.361637103271946,Overheating
471,414.1633498175477,4.253547391355297,61.80441126610358,0.2156886091917855,1428.9519109884507,78.52052758127746,Overheating
472,418.74067514660413,3.9813987971901903,65.80579710823234,0.2780095787779169,1395.9225682634656,65.37767005935223,Overheating
473,419.6886663055246,3.917802075451209,61.02646408249993,0.2820097082235071,1468.0827317914602,78.12979457681031,Overheating
474,421.6563407003444,3.9522864368799846,63.18249795498838,0.20900144703475254,1459.5386885223654,64.16110224366032,Overheating
475,415.6503266912879,3.6708092417101468,59.644532693045214,0.24976425413701797,1417.8424947864837,67.3043864842551,Overheating
476,413.3551936152248,4.250000173534092,57.58054882774992,0.313232485620832,1454.3591830461112,67.43401817743302,Overheating
477,412.8462433277572,3.930842612445925,66.71890083344285,0.31164645785720146,1419.3757141078481,72.4193832559402,Overheating
478,411.6931235504907,4.204407853132884,63.63442923080707,0.2815314917316669,1413.2282840310554,65.56659538858271,Overheating
479,416.60445200903774,4.368694150746719,59.45076901188482,0.32750320221308904,1388.2594596279587,67.076911346714,Overheating
480,414.9068232013873,3.72709497490545,58.253974500841615,0.2599332266118668,1435.8438545665274,69.06335490796813,Overheating
481,408.28530630002507,3.36378995420948,59.5725392885713,0.3274611951632131,1375.0499031454954,67.50134911924185,Overheating
482,413.4212564304477,4.416501333462534,60.459912753148544,0.3229793390844557,1432.8251428017493,59.347167600964,Overheating
483,417.30462164989524,4.064618951636886,64.03307455869836,0.5355742623861796,1388.3177412100283,78.62348324880554,Overheating
484,414.1376574417989,4.086198671320902,61.81795101879503,0.2745458199961174,1418.6033414352248,71.64754367786504,Overheating
485,410.44847890998494,4.22517375025653,60.33522238045899,0.2321958396575785,1420.9997428400836,76.28574608431286,Overheating
486,413.39399473895133,4.107536085462886,59.07617489713811,0.3454753109954172,1443.710154775804,79.24304416648206,Overheating
487,414.47330816350234,4.200596441427372,62.39227015815578,0.37775230691178086,1415.6233522478253,73.72502656438641,Overheating
488,414.41590811164997,3.980743546867451,62.36700993779349,0.31513442378560064,1427.6754191375608,71.07356591585263,Overheating
489,419.73435417268655,4.295634905684565,65.47661836998759,0.27266762843856773,1412.2151834354336,74.77650279118876,Overheating
490,417.6281403775894,4.441801202725294,59.58407749612308,0.28622708067837915,1397.2103167494913,68.03764446969564,Overheating
491,417.98971153173835,3.8600513862315404,64.5619191808033,0.2885698136401313,1436.4811405644311,64.26154305092166,Overheating
492,415.2556283489017,3.102659208729783,61.25241536735206,0.20217160537709158,1454.1198903309364,73.88703676382255,Overheating
493,416.40001294589825,4.456301868147814,58.20433391670065,0.40484179187493347,1448.6438312852076,68.81722356390527,Overheating
494,418.4068604415488,3.6681119462765097,58.701943353889305,0.26348461660561795,1419.4204458387196,64.71721178619873,Overheating
495,418.669249201286,3.9223436798890505,63.410019873427515,0.26577891801517917,1393.5879339890296,71.35028679195712,Overheating
496,409.26323507374065,3.9794097861743594,56.52673984466876,0.41923655995384845,1448.2272544434945,70.5287689563574,Overheating
497,418.791120032964,3.746105206760279,64.17391751468037,0.3119886260231228,1435.2804016266734,76.36176750053384,Overheating
498,417.1974763083394,4.086617098847507,55.380450255086814,0.24239722228323218,1427.5458213280856,70.46686187138326,Overheating
499,411.6093888259782,4.723503002673526,68.0655762210143,0.336127099223549,1431.4407372256749,68.93895515049424,Overheating
500,412.1442446199333,4.023244155555659,63.031010160571,0.22549436547110252,1436.683528344898,69.22370475587626,Overheating
501,409.2765773263678,4.855845995688199,66.34557786631342,0.5510150125872153,1398.913828113344,78.32259215450054,Overloading
502,416.4581088682529,4.5810784044246535,72.3307642155483,0.3623100278545697,1382.6590952815206,91.62898323771095,Overloading
503,411.1385092942472,4.641152725954804,65.66560269461598,0.4830703080815454,1347.016348113079,70.83922200944716,Overloading
504,413.646523424773,5.420696319964368,72.80104699895531,0.3629470910331681,1374.7143348221,90.76950367127874,Overloading
505,409.39077490091375,5.044591689926796,68.76169555970023,0.43593749770280277,1372.2548326702279,85.1722050585292,Overloading
506,407.535017939761,4.936700635066461,69.81403485021787,0.32141647725962563,1386.47460553974,87.23436250401349,Overloading
507,413.97235239742673,5.268185508398629,64.14906973886156,0.3834710976243163,1400.2554042397305,85.78486480484217,Overloading
508,413.2404061913082,5.289686561716318,70.85843916254647,0.23600469771380178,1413.9768516238973,83.31872630659464,Overloading
509,416.2764697997207,5.678898769458091,62.51330521107813,0.3432447198057963,1377.7862826031073,81.08123239437786,Overloading
510,420.20480972751045,4.857291162469283,65.77781288205253,0.41635112252823814,1354.9462618480977,83.02159644121868,Overloading
511,415.9523597837505,5.066855838246996,67.62645256440021,0.35765343100413033,1347.1382422704808,86.6079660566962,Overloading
512,420.2647992149417,5.207360652313375,68.90105646899019,0.45541782040934875,1353.2667375863325,93.51257329064802,Overloading
513,415.6069863892684,5.852742759635644,65.06786801790405,0.545444953804626,1404.3788873508695,87.7652004292618,Overloading
514,415.70207336305947,5.100588552770221,72.80212663389548,0.41122878958784376,1335.8232574103213,79.414067691465,Overloading
515,414.44246274342174,5.3239995932662225,67.77364604440042,0.4975176631834931,1336.2224533990343,85.7179396825258,Overloading
516,409.54606232383856,5.503884918193668,67.62216514223199,0.43356879776192947,1363.402925985256,91.39732465828875,Overloading
517,418.12517399217654,5.433417721204755,67.48193101254624,0.4463885828236106,1367.3276858003162,89.27777829510356,Overloading
518,419.94844268297174,5.628244223991675,65.08159012077036,0.42891338538184826,1352.6714614060338,87.86195155587838,Overloading
519,416.35181023858763,4.4520734641871345,63.352864624350545,0.37734888826049867,1377.4785063214792,78.95261532290597,Overloading
520,416.1669361880565,5.300589443576205,67.22292347208592,0.339536679987331,1411.2176781604142,93.27703556544148,Overloading
521,413.5493155484604,4.9551332331380715,69.96483066164798,0.37135764962024115,1381.5150699834192,88.69826575862336,Overloading
522,409.2719317374781,5.727320929941068,68.29072209731737,0.3670805484350256,1382.7691461444638,84.81214677510259,Overloading
523,409.8063960896652,5.797975290981294,68.16530252908247,0.43544017043579003,1408.7887442643512,79.8941877121985,Overloading
524,416.4204156971057,5.092943563640483,71.38708310086598,0.22982180637188038,1382.5226424939683,81.9858967210802,Overloading
525,416.2967888519025,5.388017674947281,65.1694964207119,0.3430260908659165,1382.2333657860668,80.51678886342395,Overloading
526,417.5259510863564,5.052317119821022,56.37204712271343,0.3700142354702555,1359.0364044789007,76.84362092269527,Overloading
527,411.2877200853323,5.243763388733188,73.31456331299293,0.42505475790919844,1369.8374152946064,87.27952097585352,Overloading
528,413.62272906934305,4.922159852334742,63.38254932706806,0.2598536954598625,1375.2519073360138,85.79026744960066,Overloading
529,414.7101289899553,5.033613228821057,64.21701575721288,0.4486596953347975,1352.0717020013353,88.88013956921738,Overloading
530,411.9933489432198,4.899025905058786,62.13285923753729,0.3598878282491491,1409.3828114619496,87.57814044221978,Overloading
531,417.9352663360841,5.408857018373575,63.58532068587852,0.37353686205379544,1365.4950217720634,91.6528745201952,Overloading
532,411.4096340607211,5.557479075755644,71.57181548043508,0.546369616137287,1374.7578351842626,88.56161079790081,Overloading
533,421.8449555096165,4.952943329226522,61.85983900987056,0.24959919728737892,1402.8178007215333,75.58424895970708,Overloading
534,413.88304284118624,5.374925274815585,68.74070214731965,0.43403558913473383,1390.5572463950214,91.39432906656697,Overloading
535,412.14305085778363,4.929201944616588,64.9093622189167,0.4664153449490088,1407.5099647098766,87.25612659659254,Overloading
536,418.5504810006698,4.728783653049448,74.66889644620454,0.5218590897369807,1403.3905499311436,93.9089945438553,Overloading
537,410.03013037696667,4.990220745494939,65.0587861572722,0.45771834590058746,1358.7464815099463,88.78747574668743,Overloading
538,419.11160843199013,5.4780811600336,69.135004094646,0.32097013272794006,1363.8287258468658,91.24809452648333,Overloading
539,417.338047011716,5.184392192248983,66.32836181693644,0.23793537015108987,1358.2286895328891,94.55709543569861,Overloading
540,411.1586332869926,5.275791928488433,72.02977589278079,0.29960618655981663,1389.6177618695272,89.68957768755328,Overloading
541,415.03749796572174,6.3473612222667075,61.32560296448722,0.48469828239071033,1380.6799565650883,88.85960077418338,Overloading
542,416.3239214550977,4.906737521156002,68.91598556983736,0.251367883888137,1400.081187514285,86.49079232995263,Overloading
543,416.9159805059293,5.62324733003486,69.47047936083884,0.41184715358386215,1362.9732915834677,81.43889618175474,Overloading
544,418.560203860532,5.774534162282391,67.04755825475178,0.403680219780262,1362.384640625156,90.86378422633723,Overloading
545,416.9962504710753,5.9764869745855,64.48670769128104,0.36975936807854265,1390.7861480631393,88.23244768862885,Overloading
546,414.3529970873571,4.85081556381852,71.52563011569428,0.45769082900364655,1362.093147485907,91.77721400552748,Overloading
547,418.5105961275898,5.253718598899117,68.31839144950415,0.4443246216892726,1363.4574232435934,85.15015739582041,Overloading
548,408.54284936617245,5.550582258201175,61.75402711023256,0.52027358627432,1376.7469976508387,83.94166509034412,Overloading
549,413.11679828174647,5.08478445043117,73.67412538059214,0.20097530747719367,1416.9241346522047,86.69011740550854,Overloading
550,411.37893505642836,4.769875042780305,74.70557210883281,0.3243594496045815,1356.166237235101,90.68657271182364,Overloading
551,416.01565862885775,4.824829769385441,68.86649990161848,0.31793978530877787,1412.520534960565,90.30685482436567,Overloading
552,416.59601859646585,5.344664424498807,75.0447524994695,0.399974906191058,1355.45314686448,87.24736956416153,Overloading
553,421.25814114861134,4.794096202725659,66.55414893322406,0.43331568304811624,1383.6523787748565,80.08848209811343,Overloading
554,418.3655735686914,6.128016288806904,68.78452583609563,0.32767453682112,1346.2759868736632,86.28987990610591,Overloading
555,418.3116320299488,5.390067098598153,67.99038463632458,0.35285826785685553,1357.6959091820477,89.17375663162441,Overloading
556,417.7413148641568,4.581708085323707,74.35935591272273,0.4459256976715201,1419.9898661286447,78.28936125757443,Overloading
557,410.9025275337537,5.140412276093081,70.01113770758077,0.5437088658341571,1402.6519728453784,83.78659361593984,Overloading
558,411.9208923770023,5.69200022908766,64.14117829699714,0.5302774843817858,1377.8903837598373,92.95291036308925,Overloading
559,417.03679387017786,5.145201804223017,65.9224145126955,0.37272736981231364,1395.707917309381,85.38578248108858,Overloading
560,413.2185657757939,5.133747435872947,68.3143081188766,0.22970127244681504,1396.4542028697174,80.10139387641597,Overloading
561,411.54000279038274,4.525062261155716,60.82443000852844,0.2915641997510169,1367.2744760592377,94.76629568763283,Overloading
562,413.4223609723144,5.2711000425072125,69.60192554602531,0.4104852148972679,1383.0639134818502,79.02353118200378,Overloading
563,419.35278264483765,5.922878657455154,61.269365223509254,0.3180777127290897,1378.004741440575,80.17731102544904,Overloading
564,416.51789666036757,4.908691119037355,76.66022427122641,0.4952438875474877,1390.3143507658053,90.13493131659867,Overloading
565,418.3177012730719,4.974421004776703,64.73513102183215,0.4062514450375718,1406.5409031124486,85.6953019932671,Overloading
566,410.269010553427,4.878870222419663,67.70410854562249,0.3939467516539336,1434.3135544197453,78.07006028800501,Overloading
567,416.51676772550763,5.795645243331316,77.08579898169118,0.3676482061452831,1397.285736318005,87.84880178599323,Overloading
568,415.58644519465986,5.160461919504278,69.74390155800019,0.1974203131824252,1402.0517372515658,85.63088951830984,Overloading
569,414.33257530966523,6.018744878287824,65.3002639248378,0.3677539208747976,1434.7888325551185,80.83969347575072,Overloading
570,413.3496541511904,5.14118983062766,71.36293792851819,0.4166242005882651,1352.6843663211935,82.33915718436405,Overloading
571,413.1779367003634,5.169111581910782,69.70337463451932,0.4334564604710378,1340.59970614879,90.31970493780427,Overloading
572,415.75770653798986,5.753812819037563,69.77679330916268,0.488105836618861,1396.6636327862532,91.73112878101374,Overloading
573,416.56675190805333,5.160833901422839,77.08973888178753,0.4711229697823914,1399.3436105251103,78.61847791730833,Overloading
574,411.13507714760937,5.317086192856742,68.58208479107296,0.35087019479933473,1388.5245674903015,92.94313464021798,Overloading
575,417.0862074236509,4.743596596098905,67.55396469142822,0.3356026815317952,1375.3075020897859,82.93192167185178,Overloading
576,413.567063252188,4.697945851210642,67.48938127392724,0.3551513890522152,1311.7637827499434,95.26486012250831,Overloading
577,418.26630896265004,5.049479710030002,68.0752761989624,0.30626765221459507,1427.3930719452717,94.48644347386556,Overloading
578,415.47008118473957,5.609412257674138,68.7011471157357,0.2930619648899256,1374.7044157759085,85.65963983385979,Overloading
579,413.63635684376965,5.112538689025985,67.63440176996355,0.3935297201707631,1386.306462262437,79.69697466801699,Overloading
580,412.8489515526162,4.686166293720013,71.91126219874481,0.23154824465277404,1413.8397585829232,91.93174698631421,Overloading
581,414.09345823905215,4.158745164869081,66.55475775213084,0.39486526709689446,1359.735044501777,82.42390803095878,Overloading
582,419.5905855965901,5.465970864920696,64.3017435424876,0.2721920664323655,1376.8245670597557,83.93271610324781,Overloading
583,416.4885975620899,4.985873314972936,70.04599830144744,0.5548123232048183,1405.3875255611065,84.75955746334614,Overloading
584,414.4505485868401,5.057330746328052,72.72256364980858,0.34981492432389577,1386.1305677249995,85.25598950940542,Overloading
585,413.4946474215654,4.65101378084636,69.29189801447068,0.39511968225156935,1397.5060117359142,82.33199846780417,Overloading
586,418.66246389643914,4.849290487515262,74.84816113607157,0.2601890792137391,1395.8692516139222,87.37715341263312,Overloading
587,412.61332879617737,5.369757575144405,73.11807467904063,0.22265449285167485,1397.5686201872704,72.53364589834962,Overloading
588,412.1030055894304,5.851666545960378,65.67287186643179,0.3060896028472822,1380.051556775383,95.33953169081776,Overloading
589,409.50495325838193,4.7794760353442625,73.98972673271851,0.5486161874830187,1382.414219392743,78.80473648736678,Overloading
590,421.28753050542747,5.837776956699679,70.71578795104894,0.3350078120850064,1383.7742664790492,84.19819959477584,Overloading
591,415.99255391384673,5.780400575252535,71.51766816454962,0.31380991384121937,1419.4124112504885,86.56566070006578,Overloading
592,417.0611973875767,5.786616343711441,63.553679001945795,0.397133953703483,1371.7136362160197,77.16070287317272,Overloading
593,416.04012993281475,6.20462262063377,60.63968902197699,0.3974175511160424,1401.0135733768693,85.61539100828091,Overloading
594,414.6606158424528,4.68031345462167,68.93114697176065,0.3394588818387259,1330.2519573755362,90.97296110256866,Overloading
595,417.8751574595261,5.220664390740432,68.91629875282281,0.4859454410172449,1390.608491419452,89.52008777380657,Overloading
596,414.10755339737847,5.724793495429579,69.28314290373073,0.41552415548846994,1353.248472782199,86.43477927150855,Overloading
597,412.5041352475167,4.944686909388603,64.73849748673551,0.314701205448062,1438.119285075424,91.65669530994202,Overloading
598,420.7611025064328,4.710841992177775,68.28501499964356,0.29651938998367233,1367.6076280700734,80.40936508291712,Overloading
599,418.7187520193247,5.041508128759296,72.27351733477606,0.44832967116708144,1442.5909688026197,77.60277888430139,Overloading
600,418.7776997193604,5.658576348160291,64.10648464789186,0.4805706669178528,1393.4036240756557,83.86261870023296,Overloading
601,412.528193539084,4.912356219420325,76.1992483831437,0.40005462551659865,1404.5532500382865,81.04550309166224,Overloading
602,412.6604411613351,5.632793923699977,62.60169515379387,0.3667828985675783,1385.8506852768057,85.55686300920026,Overloading
603,414.4627201449515,5.358327912438369,70.77142302327124,0.45877100363674644,1360.3549047833044,83.57922451035601,Overloading
604,418.5842885856308,5.557858875029549,62.50856219407574,0.42811839202817614,1335.5443687656298,85.23467451030184,Overloading
605,420.69330105023795,4.820842913092406,64.66270781803367,0.46112238252582877,1346.4299621197588,81.83622485057481,Overloading
606,416.78932341274526,4.946285660924239,67.05612005115611,0.4595348568252028,1395.538652088414,86.33409198147702,Overloading
607,413.98263316218987,5.3480244461075825,67.50506927960097,0.4366244487940628,1372.5766993720506,84.0871551281023,Overloading
608,412.03012662234397,5.185996955997505,64.75599654548462,0.31087628398704054,1391.4665286963848,86.0636988792883,Overloading
609,417.3486212048457,5.0275497721699605,69.63221138734703,0.4440638057818931,1396.11934519579,80.8717315859893,Overloading
610,415.4480904468136,5.345656118421864,68.02871386763177,0.23308178733031323,1389.012240599337,96.06265519698621,Overloading
611,413.91988219372905,4.908769160857871,69.4933942388456,0.4249902568373258,1414.8183791354104,78.71065922045557,Overloading
612,417.194140757725,5.4361688245005855,67.43141385223781,0.4270949854337352,1410.736437039959,89.36157690014225,Overloading
613,411.57094206377883,5.528063274702194,67.74124557986993,0.4058299278412413,1386.8299247750424,84.2487850560087,Overloading
614,418.57512249132117,5.166512816060315,63.521815486467325,0.3685176115224217,1389.467367920262,91.14607392148525,Overloading
615,416.8092840548465,4.859785888501182,77.94075966671556,0.4211820248782384,1416.8847684499754,84.24142783211386,Overloading
616,416.6000777341163,5.535787401807362,72.87277884701703,0.484589464430258,1406.8049250018244,83.42456634402946,Overloading
617,413.2847618741318,5.333043004129679,71.73251228936428,0.3821823439378715,1411.6292991428597,92.2630837274309,Overloading
618,412.2510372427797,4.865231718481488,67.43849976437865,0.42460901345513574,1371.8858246558236,91.76101339433572,Overloading
619,416.2722005845554,5.215778819296296,62.25636190452589,0.29473473468579947,1392.025231257045,74.33702186922582,Overloading
620,418.0379122289322,5.136738462251072,80.97237187837894,0.5846333000492889,1380.463773268812,84.46831498734342,Overloading
621,417.9867445420061,5.881269043967215,61.447883770255935,0.2570899627716251,1369.4491298611404,87.91368791586932,Overloading
622,416.4906207715228,5.62790858199354,63.20120988653877,0.2147084909624899,1406.4503548825537,80.85901863517383,Overloading
623,408.94453640683406,5.258025498383753,71.17270275287471,0.3902354294302978,1373.5537903454378,84.20318883927047,Overloading
624,413.8882517127976,4.660781155223933,65.14127729203827,0.4417023924011052,1393.0419635344124,85.8402990298341,Overloading
625,412.0145545544399,5.127398735145733,59.29173981422858,0.4142781331108312,1420.7214426953392,77.62933933978947,Overloading
626,413.24221698004675,5.331642711484052,73.01137053770994,0.36414203069598805,1367.6937417683525,75.15538428791959,Overloading
627,415.31031438792434,6.016830416057498,69.10943384785871,0.39821768166530297,1393.0520577691746,84.94453998025699,Overloading
628,412.5609568832196,5.529311966271083,68.90304609244701,0.40140906015469263,1360.6158493180437,91.5175396596738,Overloading
629,416.9941082359993,4.97883166505308,72.00729941472775,0.36019433292918346,1365.449912687224,81.20148441259856,Overloading
630,409.68679434073573,5.388616952167283,60.6754204866466,0.301724493498739,1333.1102997730368,84.56965153604554,Overloading
631,414.5490386191844,5.069321514725455,63.82968922131769,0.30622129972506884,1396.6092465886643,82.24724034145756,Overloading
632,415.9490749646084,4.845900525550311,68.72425097108433,0.5042622429852851,1399.6541450098196,82.9379309089176,Overloading
633,415.7715969110678,5.103733930187915,68.03152073877891,0.37395111582811974,1380.8916198528652,86.06046676537088,Overloading
634,412.0199239012542,4.793648469204009,62.445829784675155,0.2719783116397032,1354.567932694488,85.79731253402065,Overloading
635,412.3216374535244,5.4054457856924385,68.13885499501025,0.24251966292495572,1401.3743896055423,89.05399322795854,Overloading
636,412.01841197549544,5.368076617157997,64.5740070503632,0.4078136301398669,1353.387539826126,76.03446773732712,Overloading
637,413.8515484311611,5.150508421490065,66.40928122554159,0.30527755534219525,1375.0025234467216,86.34647376290367,Overloading
638,414.8653209096324,5.273000412239686,65.31953919818307,0.4937374331772928,1355.5956665861304,87.4378014854336,Overloading
639,418.54567327887986,5.392363237099558,67.18990309174067,0.3577362362669617,1410.9021912761564,77.88512537369164,Overloading
640,412.0896272188611,5.040976893803312,72.950615030048,0.4303814108832717,1360.798856037244,83.44846147307548,Overloading
641,413.1570305677111,4.916084403106586,71.91555823422712,0.29026054965891956,1425.2195213933594,89.14114845092311,Overloading
642,418.2725850118111,5.014824195189897,67.40023712368357,0.28534785483802305,1371.88343982333,87.46827423821576,Overloading
643,418.8881891853442,4.757137273279019,66.53797625205894,0.38789606238139823,1350.105269945188,87.956746208792,Overloading
644,412.8280290047722,5.12184385952919,66.1922025123525,0.3368529195424261,1384.8238753629862,83.92195210715988,Overloading
645,413.88442635316403,4.908615351327863,69.27809868313182,0.5322893814793828,1388.4971808209782,89.98059107455565,Overloading
646,410.8293342245396,5.263104575717508,63.610526724115736,0.2818460057974479,1366.515714813524,90.95949667206787,Overloading
647,417.8500474860089,5.2972018888217605,61.86919776044028,0.3842975478889651,1392.5425002225434,85.87768114789299,Overloading
648,409.4686192495578,4.843872860792051,67.74368894340513,0.4429032727613752,1330.0968044725014,84.18938012260071,Overloading
649,415.42914630963685,5.539844795406485,70.77143033694975,0.44660570550470446,1365.0014873324517,75.45998931438346,Overloading
650,413.8208417288158,5.600652730083424,73.57381811009773,0.45684392818382286,1395.7335205700433,86.89819824192983,Overloading
651,413.3316437597177,5.147975882578552,74.67627810330532,0.3245953595366499,1425.3694697677463,83.3898592275397,Overloading
652,418.97629632728524,4.637273996200985,70.3436168046586,0.3410583891241903,1349.6183202018954,86.09267021205473,Overloading
653,418.0284153657879,4.862023424562602,62.0039361581664,0.3926524188532036,1382.8141167805704,87.7415981377725,Overloading
654,417.8487837140935,5.176233927491003,75.42201325917705,0.4179387795628234,1376.3393373498275,76.94216320448587,Overloading
655,414.2120214390515,5.065445221835546,71.84121918512588,0.43699868992534835,1355.5157719591846,85.86127193205519,Overloading
656,417.0145935151872,5.811212543755134,71.55001586965624,0.46086773234491824,1386.5021498653791,86.94156002711725,Overloading
657,418.7485147021185,4.66688904100814,66.60224269113218,0.33819450009950075,1394.4788279681532,91.15111087825395,Overloading
658,413.2090771398368,4.243878253012225,66.35111701990212,0.47307789856139254,1398.440747573747,87.14093123905288,Overloading
659,414.16002009437653,4.688387705512086,70.06117728649787,0.33325745519723005,1439.6024183345114,87.85253604177258,Overloading
660,413.25805509233817,4.955445901044549,67.62822317354565,0.38083984623826006,1412.920844388249,85.93208084872023,Overloading
661,412.80510478327443,5.956176274062313,68.19723332608089,0.46150717407751174,1369.794337313881,86.81557813872261,Overloading
662,415.9333299734296,4.444140283161539,76.06110044184256,0.5032515568738039,1375.0701170963503,79.48865129772072,Overloading
663,416.0426848414107,5.234679079765759,69.42267579425291,0.4153261916955272,1397.6560247326481,92.23652849695904,Overloading
664,416.70430961538597,4.780137800436024,73.4502514108498,0.531249165079063,1463.8014183628022,79.38252983380201,Overloading
665,415.72864603945084,4.367160518724405,70.21259662551684,0.3561439761466582,1433.086144870624,81.1269251499071,Overloading
666,409.9324508860982,5.011494503718993,60.09804891513145,0.46008795636058486,1333.372923843592,85.1422879059158,Overloading
667,408.76656454043143,5.071880878185343,74.57351262321814,0.4288518313148636,1363.4126598758767,84.84398255530458,Overloading
668,415.05405061613334,5.389052138337362,62.532566546876694,0.44740538190778645,1317.3902092099306,81.85057723818095,Overloading
669,413.5351784726454,5.453330730428496,68.09052341070748,0.2875549556914971,1360.3751718545745,85.99340004773704,Overloading
670,414.76279797440634,4.968350356145701,66.07666484195208,0.4556934397727431,1372.0576856782695,84.55954377985464,Overloading
671,421.50980976424165,4.630526945246431,60.59262907370137,0.4626871731838886,1368.0339234676474,83.4088123612869,Overloading
672,412.65653086560667,5.096079943692995,74.39415244838537,0.46417027668944955,1406.5555877971744,77.91886472103677,Overloading
673,411.5465387903414,4.064368536205829,64.76247671566898,0.4765362549108527,1397.9236628937092,83.89243368523938,Overloading
674,414.9330991488458,4.924445782969838,68.81903552960713,0.4612702623584492,1344.6028303147382,86.49823843918674,Overloading
675,417.797304612864,5.033959884414652,70.80280244848234,0.6251723555578043,1382.3914301753277,86.96653525002662,Overloading
676,412.7858287490158,5.27250046504082,69.84108649992922,0.4155873872216111,1359.5076170072787,86.03180885662725,Overloading
677,419.3865878161529,5.379454305805811,71.84794875628737,0.3810390423989898,1403.7475059855929,86.39633919108263,Overloading
678,412.14726781093833,5.32740840191955,64.03321334623875,0.34936957800921664,1389.7332076823093,86.48622136690062,Overloading
679,411.4323026047686,5.621594308473151,70.2880251132019,0.3436217251511293,1346.5603800887707,84.27547710459284,Overloading
680,413.6621688584165,5.245256182821209,66.54753335537774,0.23940345114039924,1375.291326542471,83.47190444465843,Overloading
681,416.9009830743222,4.92072013015558,74.71469869349026,0.24706875594785946,1417.7791874450656,83.87840514560948,Overloading
682,417.57875461703065,5.231920593623493,72.55822214410188,0.3690110428357751,1357.5344893705546,92.10252143635532,Overloading
683,414.6595580623536,5.288623389449684,72.93900765617919,0.3174435806324452,1399.8872724409814,82.05052621768554,Overloading
684,414.6034919330669,5.228911586153716,61.99911255421225,0.3376930365743652,1418.7768223103285,89.43095594292397,Overloading
685,414.8120812680183,5.297249383405157,66.82302997745417,0.5085266708662386,1379.9911855551459,86.15921046067425,Overloading
686,418.4380904324262,4.889051406061638,74.23515673798758,0.27756308722052986,1425.74105327782,83.13662208024013,Overloading
687,414.2719037565242,4.443995931526823,66.18082113048924,0.3168154775178493,1369.8088413656633,84.3134451710556,Overloading
688,417.87337484341873,5.28304134056025,69.23070661360445,0.31235844889235503,1362.9811477599317,93.99362509175656,Overloading
689,412.79439689571024,5.862483300822919,67.02775520447653,0.4001830348914803,1411.7591290057483,91.35946210969328,Overloading
690,414.66756231916276,5.044702778591384,67.77631820591115,0.4270366022585695,1407.282592171744,85.02114929497075,Overloading
691,416.8566588940695,5.855343892908376,69.52523844905915,0.4249322284803823,1347.0272293727483,71.84634931585468,Overloading
692,416.16512718769053,5.162070307487651,65.94086930034103,0.41948241633490757,1383.4899067700774,90.6389012531695,Overloading
693,415.2583326047769,4.9012306859719335,71.96066495583716,0.38262951400430384,1398.1634170918078,82.612946469036,Overloading
694,413.0505193435077,5.233667292074279,68.05131457417474,0.43838616282934667,1378.2838561672565,75.81820108114802,Overloading
695,413.70167834923484,5.517527386857527,66.81049568302757,0.3802893277988362,1409.6594126476484,81.44013386370538,Overloading
696,410.37159034527133,5.135747552189803,66.06330419500505,0.3227002944197397,1380.6155386025328,87.45752823623391,Overloading
697,414.97213431529656,5.322792429074496,75.25363079406169,0.3725696910753949,1391.9587158661168,82.45393318700432,Overloading
698,412.4609208403391,4.966036938632892,66.08496571391325,0.4287580638037701,1443.726894667519,81.4197828186208,Overloading
699,413.7501240831536,5.174750794755501,69.583195394839,0.42108406495638284,1417.102394848703,72.86803964732395,Overloading
700,407.839210389413,5.001648731195941,72.38920075017484,0.27474815747155235,1309.8091915076561,87.85589703109605,Overloading
701,415.73097167110814,4.763916637280229,64.05784159711628,0.32242050242922604,1387.7633829368485,81.86842361908496,Overloading
702,416.48219175692657,4.058149334838244,64.57259253948881,0.309915683127116,1378.5914830406878,82.30976120754931,Overloading
703,417.3935313396873,4.456265291335977,68.18196590532301,0.44466691385693646,1431.4161859140488,82.59117014453263,Overloading
704,415.97337581305754,4.478454882975054,58.432175182747905,0.467581950062536,1384.8609926587983,90.89256344899212,Overloading
705,410.87979133309074,5.407960855811501,75.47527136217542,0.4335764486685813,1391.9145376397762,85.04278040412174,Overloading
706,410.28735562862227,5.742229174284139,65.55656944077974,0.4403586605106414,1345.9241423357187,79.1027016774611,Overloading
707,419.3052621976667,5.061079084416863,73.81310190417018,0.39374154727531857,1338.9525556760536,89.4603379986586,Overloading
708,413.2303230467332,5.4794755254068175,68.10084347016033,0.2765505417645704,1389.1073691342642,95.981115710764,Overloading
709,416.47895937554335,5.176992898797815,72.30137360782759,0.4168534772162489,1390.23835575657,79.54187413920448,Overloading
710,415.7015440773688,5.6141773665667785,64.6557513915999,0.5139596656997558,1382.707349396372,80.5611524423073,Overloading
711,417.9928962307607,5.085282305704692,71.03805954994444,0.376659309419317,1383.5043464117523,87.46780102167146,Overloading
712,415.87269117277003,4.401787287819305,63.51502503962243,0.47435279878326525,1381.6965852774613,82.3813434861429,Overloading
713,410.9242779542276,4.768105471489661,59.91280544015221,0.39189754250387737,1370.0390604854738,80.16706054507343,Overloading
714,414.79562972449617,5.345588252341096,76.37279172883979,0.27904932643494296,1413.984526082513,89.86550780507537,Overloading
715,412.6627217818699,5.281294381834413,66.16946700264954,0.4148550864334991,1422.7282753351137,88.02803116315657,Overloading
716,416.5258251197003,5.027876272018143,62.06377334030266,0.3833225431567674,1415.165203871598,77.36416071705176,Overloading
717,411.83473189546993,5.250507094493628,64.06138086061095,0.336598124230783,1374.4100354567956,78.17191297904925,Overloading
718,412.0776344613509,5.481371166714924,62.770520871076144,0.272170229240413,1369.2493755116527,88.65977751254923,Overloading
719,414.40923457600934,5.014167568753753,68.17743519006243,0.26034340537122785,1397.367641344376,86.91717515701822,Overloading
720,413.77207457771283,5.602369804718567,63.490015604187846,0.49023271946028557,1388.8623416398814,83.31723705060914,Overloading
721,414.94037909389505,5.1570940936756235,72.88113158567087,0.31386566980231895,1365.9370190213351,90.1815144603624,Overloading
722,413.2133951944484,5.560213230932637,74.79774393203483,0.36785639784466934,1402.0340581643827,79.23153859330071,Overloading
723,417.26419989420344,5.279769594394707,69.89215312864086,0.34835423423716844,1343.4729146108207,87.51626032374753,Overloading
724,408.80979054256164,5.0730598031029865,71.76472746567988,0.4153518188698429,1433.7085661197452,90.12554576290887,Overloading
725,413.03830483502327,5.210925351940576,67.81051718982225,0.27342585893230986,1361.4900270878911,82.1961954651007,Overloading
726,408.8913384914322,5.218997387300657,67.00371262138783,0.2661684878950741,1395.1053216319333,88.5793637234548,Overloading
727,415.68110343659464,5.0703727299164125,70.36576860700742,0.4544176288381353,1392.6850892429923,80.8769387478262,Overloading
728,415.82980229653356,5.678192260330192,65.61348376555308,0.5678351471305945,1371.8592266503654,85.16203506670068,Overloading
729,412.982543211981,5.289308334368105,61.031113229458896,0.35631665609466234,1357.6969699912859,85.67669173946146,Overloading
730,417.98334212652674,5.458402474845821,58.51336255656443,0.5633655722342304,1392.3819985155217,81.11750429753499,Overloading
731,415.47138375697284,5.270475929001077,65.33260513219375,0.41583333338736606,1369.8131928094924,82.97819003654989,Overloading
732,412.94116259273477,4.626931484104139,68.58334588086153,0.44682395492130705,1397.8720899019092,89.09962626317618,Overloading
733,415.97302063004463,4.986909800713239,71.35865545772475,0.29139859681264524,1362.483215437188,80.17899964288378,Overloading
734,418.24016817741796,5.577115405656031,69.94922094817998,0.4857543892169438,1363.0179304397002,86.7429755993049,Overloading
735,414.6244767148505,5.538752841553966,67.53910306979121,0.36920456892719355,1398.5227129640248,89.38084583595617,Overloading
736,412.9949644154596,5.17556973145905,63.76623746543339,0.20015511860056487,1390.0114907853433,88.04452678127316,Overloading
737,415.78620042726016,4.4201753128982535,66.5966022796941,0.22253217919591353,1419.2425276913546,79.56972708940957,Overloading
738,418.7662108283797,5.578347857473658,64.39763858985576,0.3093772038985804,1393.7592554096584,80.77837981408464,Overloading
739,415.30745392647464,5.006868963677233,60.87536634213747,0.2215625584700433,1390.6671062123648,82.19221126834687,Overloading
740,413.3407305492576,5.478345535637514,72.69376910652979,0.37819642229105527,1376.4850323272535,87.50071516556942,Overloading
741,410.92919329090125,5.289261221899079,70.20754388728862,0.4544184166734104,1336.5811824374384,81.1932236509553,Overloading
742,412.3652102415296,5.239954781763686,69.92297831907193,0.5197368325956785,1372.6258629907982,82.51213750845393,Overloading
743,418.44901605663625,5.318630775412122,73.0706060447519,0.4230982402407869,1356.0720845321682,78.33435822611096,Overloading
744,410.3454632528232,5.464820733903389,72.75438729234803,0.5479489713109105,1406.077633308081,90.81419288767493,Overloading
745,413.259951002039,4.737433673302458,71.40031732967022,0.4334144601791521,1387.6861093585223,86.93685740316495,Overloading
746,415.9695564473746,5.713526743941425,73.17994233926782,0.4435376281872278,1406.1450718140732,87.57031276212388,Overloading
747,413.61649080389617,5.502625869965256,62.42201972456295,0.4843113241836707,1355.136926505849,86.42901643397366,Overloading
748,412.4645381247215,5.421355593229771,67.86429909628836,0.2724195233469334,1395.517490775462,82.11039611583645,Overloading
749,417.64344016244013,5.2005302754937635,69.58168394155216,0.3233944835987831,1370.266694214316,82.70680681949457,Overloading
750,417.57010744072767,5.870950835122196,64.7793129930285,0.4861478515726144,1330.7580645568573,79.02905299453855,Overloading
751,412.1236646314397,3.3942473931677832,40.24923483063726,0.9495598694565357,1368.577969068164,67.27643238563066,Mechanical Fault
752,417.07141805836454,3.87968509795176,46.97328952845112,0.8916561256509277,1339.3901983508276,71.34688508492478,Mechanical Fault
753,413.2326636016566,3.519321110371272,44.4662463725868,0.7904626896844185,1362.477088540317,67.0643235293808,Mechanical Fault
754,416.0450252177384,3.530650980072311,43.53688388115376,1.0289199605724293,1389.8920035320182,77.45039023609125,Mechanical Fault
755,418.5403845212246,4.143287920567982,40.836394348632595,0.9916632421960108,1373.4067959490926,61.6941091787705,Mechanical Fault
756,415.50404602159756,4.083563460383445,46.502494773012636,0.7945831438389528,1397.2737674077787,61.17447474754422,Mechanical Fault
757,415.65004935689285,3.7089949797568598,44.34340124479312,0.9919491570048612,1343.794188405523,76.6711704456616,Mechanical Fault
758,409.5367417921165,3.620699695023543,46.11063566982522,0.9701176999722372,1371.985728382849,64.65565578199075,Mechanical Fault
759,416.23165025598286,3.7306791567626956,49.17954377380472,1.0007218937077922,1401.184730530169,59.203059659777495,Mechanical Fault
760,414.76183472678287,3.7098602153837885,41.9831958729316,0.943219702073492,1358.8706272666054,68.93242297910142,Mechanical Fault
761,411.789425311317,4.315712183852546,42.31100202422382,0.9263162804640523,1398.755779311642,61.576157418799326,Mechanical Fault
762,417.55740593029884,3.431244920659875,49.35635309754768,0.901697911795891,1357.1076577609335,63.20490936543539,Mechanical Fault
763,417.42675780817814,3.6246634124448684,42.75192693173167,0.8734156082899515,1339.6911366169008,75.9232634476509,Mechanical Fault
764,413.30081622635583,4.049485035854121,45.62841025094332,0.7818559139421639,1374.8213587236182,69.7040166758645,Mechanical Fault
765,414.4352159947411,4.157933883755308,48.064546178345594,1.0102697825589995,1361.2102968318102,58.520945313311074,Mechanical Fault
766,413.1592371839116,3.858872282200016,46.63736014059707,0.6394114314287463,1374.7566039516475,65.9485353519391,Mechanical Fault
767,414.16736723105333,4.187382151704764,46.26534022275261,1.0572230289697075,1368.521184389493,70.62486495504155,Mechanical Fault
768,419.90519918358257,4.193508034781798,41.7235752197138,0.8695588706949143,1364.645058836506,67.93552721045796,Mechanical Fault
769,417.0590606650436,3.548332197792279,45.20351554175081,0.6576087201412637,1418.2583501740567,61.92575455593984,Mechanical Fault
770,415.16759181953347,3.7071050858035814,48.438082725040246,0.5594992270323146,1374.5016897302228,64.3650874550138,Mechanical Fault
771,413.63909083722496,4.31786796369069,42.338011623432685,0.9926155412682793,1385.6875836611825,72.5691155152131,Mechanical Fault
772,412.99843274566746,3.5801093302628724,48.28820972243219,0.9510385569996133,1328.6518795996972,61.76416991322038,Mechanical Fault
773,416.1591479615442,4.051329266463976,42.962308040421135,0.5502892812219671,1390.696695572111,57.67807586033614,Mechanical Fault
774,408.94798360563277,2.9503022225047575,47.44194258059322,0.915434094048596,1368.2303085786325,73.33414617777657,Mechanical Fault
775,416.9119740490692,4.284890012816575,40.82179358349901,0.8958539251255244,1326.4985987515595,63.623706008867195,Mechanical Fault
776,414.2541524387,3.9879840911789213,45.13669164342569,0.9748088565935898,1396.1032039941667,77.92957206429885,Mechanical Fault
777,414.0541100341416,3.5176931898000863,45.738250845949224,0.8037263967432549,1419.458823053096,63.300691766328605,Mechanical Fault
778,413.303270896378,3.6586052836546643,47.15525227041492,0.8810703620122218,1355.7499953960885,74.99211150574118,Mechanical Fault
779,412.4314904780147,3.810669822209898,46.95691845483069,0.7042397867499512,1389.4078150421778,58.6693539471173,Mechanical Fault
780,417.468348342502,3.511204696424307,47.078307095546585,1.0326999679553654,1400.843095768984,66.50789988942861,Mechanical Fault
781,414.3060971712109,3.627074127099547,49.41310407245131,0.8160605735798828,1343.8880177929002,68.99221361019698,Mechanical Fault
782,412.61158959044053,3.5149809507601617,40.6691872134907,0.8420508192647379,1372.5185492831051,66.45855036596419,Mechanical Fault
783,417.8539187328985,3.9580693770997377,44.42738334134046,0.8762165188344336,1390.3047240674555,72.63542097757141,Mechanical Fault
784,415.3789425984496,3.659260743736877,42.021401996743364,0.7265753682705329,1394.9880901613058,68.46787114183735,Mechanical Fault
785,416.73209057532,3.761402166094383,49.22080423767525,0.8419057806498219,1403.6580771162162,64.76754263006274,Mechanical Fault
786,413.174947705962,3.977759092195328,46.22890835605198,0.9428367311120311,1377.438352661686,64.77264150969901,Mechanical Fault
787,422.1651159786113,4.155276993558852,47.168480684956535,0.9134158989844066,1405.2147160179002,68.10796865834871,Mechanical Fault
788,415.0786142583221,3.708930702420225,44.75724798701194,0.5195489116946334,1381.3180251789292,62.06914351933784,Mechanical Fault
789,419.7780099948487,3.805803221243526,41.433109741395114,0.8940143815046259,1343.616367448125,67.8404444942748,Mechanical Fault
790,415.87284209301845,4.0873518893324805,42.62735462491631,0.9040809715473777,1334.049346137201,69.2089686915483,Mechanical Fault
791,416.55661354132036,3.948741506308271,45.00485709407082,0.949772746894655,1423.130173249258,63.289434457747916,Mechanical Fault
792,415.41593555113025,3.474162110245577,42.395217115205,0.9117375951711969,1408.1180064010573,63.46231505449057,Mechanical Fault
793,414.29225041206365,3.6779344266486875,43.39572998746703,0.9353965746850587,1330.0822706446406,72.68563746000036,Mechanical Fault
794,413.0037331056116,4.0165710456314425,41.190004207818376,0.9802608156655462,1395.158338234435,67.30521243203538,Mechanical Fault
795,412.0167144346006,3.874864456879423,41.45083144579684,0.8696684093884578,1405.8823930286599,69.78021156242445,Mechanical Fault
796,415.0455488276213,3.5075580272231472,46.93676313652258,0.902325748523763,1305.3905320530873,69.69577895789911,Mechanical Fault
797,414.92730149839093,4.160735374394921,41.714188443471585,0.51879554241648,1383.3725157503557,66.74938206009183,Mechanical Fault
798,409.92798511718064,3.506450136240018,53.2656532311597,0.8633267263015436,1396.9287692912865,61.096041035789696,Mechanical Fault
799,408.72909130344055,3.748922525961228,44.203186319141686,0.8520146113597955,1371.5607749348083,66.58560962987382,Mechanical Fault
800,414.5496491462386,3.420798149615791,46.45855437468582,0.6660753893613093,1313.489276281474,69.4350829682094,Mechanical Fault
801,416.5210608164061,3.782781390477789,40.81365448573479,0.815050687119111,1367.1175975694048,55.42463618855532,Mechanical Fault
802,412.7829140259303,3.995699101453004,49.28191609286765,0.849667829680974,1397.694650629483,53.515639576475195,Mechanical Fault
803,416.97835372334083,3.5588154755817554,45.92203685012391,0.8702697098112349,1414.612420293515,59.75338610996049,Mechanical Fault
804,416.8828188926855,3.71614776101104,44.52508356597101,0.8779375328208948,1349.6298068651765,64.91540620455997,Mechanical Fault
805,414.81205533363453,3.8723720745220187,45.25351543707859,0.9957593459534684,1402.705258481421,58.696260069033194,Mechanical Fault
806,417.6063175017723,3.4440990718670434,46.7635676644132,0.9743686541643443,1317.6604932501248,65.55787547917646,Mechanical Fault
807,413.5945116599191,3.5723704226193873,49.05255699209702,0.8215585031235098,1350.8086921264585,65.45416964003056,Mechanical Fault
808,417.05676923889524,3.7575054241969617,48.49911163700776,0.9637170794356908,1309.653660408057,61.82319821895795,Mechanical Fault
809,413.3144737019449,3.9438082860288266,37.12554883087766,1.2058811650461267,1390.9307828468263,65.89326082350615,Mechanical Fault
810,418.54470314925743,4.5030962158437875,47.61223993376521,1.0138575715765945,1378.9207007339314,64.1508454797983,Mechanical Fault
811,413.5726136679853,3.5521664024856374,42.93895770090151,0.7379332842788421,1372.7238564794493,54.891994536641675,Mechanical Fault
812,415.5727495724311,3.7891008175872973,45.44080589516006,0.837344211597601,1467.3058111054152,73.16069540108188,Mechanical Fault
813,411.26637249974584,3.8698604262280694,43.17598157118803,0.7782624327951103,1334.797837866282,67.59330014455553,Mechanical Fault
814,412.95585929479125,4.090347807207561,47.981346643591316,1.064869726225374,1349.428397017777,67.85219366415205,Mechanical Fault
815,416.8973626499269,3.6577465474688102,42.68468412782138,1.0931424798931166,1381.8248762719616,68.81580650427043,Mechanical Fault
816,412.53377196451623,3.4342146600433416,43.291650676523666,0.8851174335132004,1343.0733997954796,64.9409311480977,Mechanical Fault
817,409.9344844357945,3.4639857732590382,47.012733744830626,0.9724548624333473,1363.243697038394,58.89341414553828,Mechanical Fault
818,411.91778934542197,3.6880195262176056,46.93355547493587,1.011389482961319,1360.1040479355408,58.0790454440913,Mechanical Fault
819,415.803530913599,3.552939508812245,43.445242083416396,1.0590331308524445,1399.813462856973,65.94784587350871,Mechanical Fault
820,411.18424299666185,3.8634189702411974,48.18797187236258,0.8549239601081358,1415.5334226996015,72.75647173710924,Mechanical Fault
821,419.9911984964304,3.8915729379594057,46.76217509941804,1.0697024745997308,1388.4218181120693,61.99259535325872,Mechanical Fault
822,413.6543714904164,3.8715664861321217,41.12831573416135,0.8828089301562969,1407.8964135469075,51.852476893008316,Mechanical Fault
823,419.60344630538356,4.136712265610948,43.62070615250857,0.9652068993446172,1375.0944318071897,72.3799422106321,Mechanical Fault
824,417.94804942830984,3.379978783045097,46.76178724039253,0.8753246575628103,1377.484977115543,60.630968594181105,Mechanical Fault
825,420.24441120736253,4.1120185459707725,42.7806865080811,0.7398467271707722,1363.4298210706645,67.60701587654783,Mechanical Fault
826,415.7206175318387,4.175939847430473,47.36975916654256,1.0163482830903487,1384.8056620183131,56.66420761873406,Mechanical Fault
827,414.4129044065593,4.118026921972599,44.845431214426064,0.9603708442348496,1365.437550542616,58.82112890874893,Mechanical Fault
828,414.62996780786165,3.892714232909796,43.032936841615665,0.8717146506171998,1346.8161027404205,71.71546950538458,Mechanical Fault
829,414.1166327272359,4.235826663537855,49.58624355162273,0.8902744842333907,1344.7465380235794,52.484612733599974,Mechanical Fault
830,410.5838887809196,3.387849552530402,49.13540888238451,0.9138989504672336,1386.6881357227596,51.67747394638924,Mechanical Fault
831,411.40610071234823,4.066123932933886,45.86032233714776,0.8823353665577284,1391.9452707580037,74.81478683681489,Mechanical Fault
832,414.3368726093888,3.8208109407974207,45.57779075619391,1.1870531562328792,1312.0193120674292,69.09933808873285,Mechanical Fault
833,414.6555932537228,3.970031517855254,43.02788233801583,0.894124196296986,1396.3423173839649,83.67746120626305,Mechanical Fault
834,417.42410856820624,3.5455803205908474,43.72872095393189,0.8455903069939376,1321.1307048210995,63.01945884979138,Mechanical Fault
835,417.19848724546523,3.417730364276961,48.14544795315178,0.9585329785301206,1352.9730003408688,64.15082217597292,Mechanical Fault
836,419.7949654229231,4.020064344051759,45.026350964694444,0.871478001964682,1377.2982721135497,61.92941865234618,Mechanical Fault
837,408.68575148284293,4.412653373160419,45.4659749975982,0.9477776718147045,1373.2627675036927,60.58929919565247,Mechanical Fault
838,414.4422265571537,3.3201815713417067,51.831259494159916,0.7518585601893125,1344.0410114845847,62.3584447736816,Mechanical Fault
839,418.86422717455713,3.804352699778796,41.29159261190861,1.0505206032908807,1396.9300188035645,68.23060974329871,Mechanical Fault
840,417.1472027235125,4.518308570174735,51.55528468510833,0.8175941588396046,1423.7165497843346,67.2990091385534,Mechanical Fault
841,416.49728744841326,3.2923187505070013,44.48884270383541,0.8024611691596122,1399.8417644467993,71.42648300241683,Mechanical Fault
842,408.77654094695106,3.7933895407987186,48.36558451438275,0.8775985245223866,1396.8719093500708,67.1069928057625,Mechanical Fault
843,416.0249806958579,3.7186055065795105,41.35025758759287,0.7654163823089968,1396.2805754336596,65.11674953311329,Mechanical Fault
844,414.5844632661783,3.672832987303294,44.084433463557744,1.0256294153385768,1364.9426775439592,56.95361172019059,Mechanical Fault
845,417.2309553266205,3.7385370008405845,45.09418759659833,1.0929093967679413,1374.3831832794847,66.73510203871236,Mechanical Fault
846,411.463229526105,3.7340991642947117,46.828578135625804,0.713355151939051,1381.0253527934713,65.60474643586883,Mechanical Fault
847,415.1238623667623,4.1111476695974725,46.003315544545565,1.0773686278027732,1345.192314532179,65.81554740331009,Mechanical Fault
848,415.25340035916986,3.479223651873476,47.86888500627404,1.178960796702338,1374.489817765485,68.0301265296426,Mechanical Fault
849,415.253555427446,3.585924599027847,39.53771916659395,0.8153071820285562,1333.241248571448,75.2246124683547,Mechanical Fault
850,414.6546709182303,3.6962242012858484,47.66746147436342,0.7653898676572934,1351.9940788598635,65.40843361549173,Mechanical Fault
851,418.0863069742704,3.9505055135506364,45.744975427547644,0.909374128228322,1387.0070756658033,66.20991743077553,Mechanical Fault
852,411.9100831756692,3.813823766489945,41.77893402324674,0.9097299051480988,1360.5805617553528,80.23628973669717,Mechanical Fault
853,414.8803168487449,3.378728130121523,44.59745936796923,0.9623230494765466,1425.2009183845757,61.46328560036769,Mechanical Fault
854,410.2527160779291,4.045051103429294,40.85820388230105,0.8476613470191018,1367.2713854346703,64.58219928019935,Mechanical Fault
855,417.067493371223,3.5949097153140834,44.17881224349972,0.8982875576460734,1379.4879387255637,65.58696304824754,Mechanical Fault
856,416.3080173256677,4.053151852892521,46.177902346952905,0.9544302628211062,1327.5333049976057,65.30136619499409,Mechanical Fault
857,416.4385226440048,4.018682358371135,42.922947677298616,0.8209152870133626,1357.7769797414921,68.21848339934806,Mechanical Fault
858,418.1016431647726,3.6777619678125193,47.723886940881144,0.9148175770997513,1371.271426685127,63.73169462109219,Mechanical Fault
859,417.23983409380645,3.8976733450361207,51.82747628294291,0.7977330428403211,1390.5430510608992,61.82479394113092,Mechanical Fault
860,412.3921390390341,3.796739858889508,45.412057438221105,1.250180826607211,1369.475625529504,58.2189276230919,Mechanical Fault
861,415.81903215248315,3.1776079887360895,44.7241296521872,0.9019230338754193,1398.8380114883564,70.84173349656709,Mechanical Fault
862,413.48929114327683,3.75481579561102,42.701637508167984,0.7646324934230768,1384.296843381419,57.3584867084204,Mechanical Fault
863,413.75611929828443,3.5014478120302286,46.64904955887078,1.1161716119119787,1335.9523605159,53.881889102614586,Mechanical Fault
864,414.6253393439498,3.8047093387873274,45.655977920271894,0.8464415381718786,1368.980821035237,67.2050624632436,Mechanical Fault
865,418.1212926779345,3.213485368904515,43.89318168290561,0.9256570552729276,1347.4607168616778,75.38701779060379,Mechanical Fault
866,413.0937703593138,3.787612193897815,46.66806629052687,0.8290458253437727,1319.6028085658675,62.4280728385008,Mechanical Fault
867,418.08832166778114,3.698931461964458,42.46069709562306,1.0110806651403266,1365.0767531193085,61.939035118098694,Mechanical Fault
868,415.44836826898995,4.031225062885636,52.14514059519764,0.9992683329188908,1409.7951989916503,61.96420280607287,Mechanical Fault
869,411.9223956820916,3.8186994048857366,45.32150974577879,0.7705784710362483,1369.7411641028796,67.39590561031478,Mechanical Fault
870,416.0811801850542,3.9512863560152813,45.87289419041233,0.8391589608875933,1359.5829812005347,57.806291612036745,Mechanical Fault
871,420.3543251175553,3.804035109385788,44.32544083261544,0.7885449502257049,1463.0697370698333,58.56003180666263,Mechanical Fault
872,413.71345622318177,3.924751050885818,46.80063889723283,1.014951846625882,1429.2282552330778,68.03694593276427,Mechanical Fault
873,411.8319076001,3.7229164624634654,45.92349711754166,1.1481871249806987,1333.0658356472711,72.21545903135137,Mechanical Fault
874,415.53974310863924,4.051349160568844,44.69401585009221,0.7989080843848408,1397.52618338204,68.92658616263373,Mechanical Fault
875,417.91617089721916,3.7960086093864094,43.20053393004045,0.7129455605971391,1399.5811980441822,67.54333689466392,Mechanical Fault
876,412.1026521014081,3.6384278980110127,43.59972356414568,0.7220418681621099,1350.469528101846,58.197017859161875,Mechanical Fault
877,413.7625629643362,3.578390750501131,40.118985237399755,1.1427108276683378,1412.576221930877,60.325883470880086,Mechanical Fault
878,415.81726418996084,3.9252395269463882,48.57325756432043,0.8017673968007906,1407.7632035194729,61.71256817475839,Mechanical Fault
879,410.9924127874942,4.017240967794349,48.87227527236728,1.2105490768236822,1339.0082420472936,69.19351811048473,Mechanical Fault
880,413.7705962686194,4.035007613157209,40.58853134630625,0.7484676269161723,1351.7237553050054,65.47378427400851,Mechanical Fault
881,413.0767562003849,3.997716303174026,48.080683854773746,0.9719493049494428,1423.563629189826,67.49495977673206,Mechanical Fault
882,411.3493098689795,4.209012954061501,43.184531293182005,1.0092502199622684,1422.2120264966532,67.74012806438239,Mechanical Fault
883,410.5115235605061,3.5245363500470623,48.96823340065541,0.8797052777228621,1377.387206048265,69.55294649698166,Mechanical Fault
884,417.088968586241,3.883639943715638,44.3739948863386,0.8624797865121171,1400.7369647587402,68.32141718640676,Mechanical Fault
885,414.2280999981466,4.124633693897942,44.61289765461065,0.7978005390798728,1352.2308790328996,59.127554982141405,Mechanical Fault
886,414.1827699501889,4.170117283500858,42.58471445690847,0.9226170913221724,1355.2993196311777,63.438145752371376,Mechanical Fault
887,410.46987636404424,3.7338385312530384,44.41888386058511,0.9648345532842835,1381.6984273976611,57.809647250287725,Mechanical Fault
888,418.2525947321306,3.8630909120665984,45.59518055153246,0.8988981175937834,1359.4672765833334,66.30681403849236,Mechanical Fault
889,416.42676530778573,3.2759312925963333,43.38371748796171,0.8694063635515693,1382.6851181708284,72.15986603556276,Mechanical Fault
890,412.68477755620967,3.650611445954647,43.46239766806035,0.8038166891874551,1364.5844051466322,69.62481331992782,Mechanical Fault
891,411.83849351390694,3.9283443185458706,39.89429330994499,0.8326394404269353,1365.1153209934605,75.04915803748439,Mechanical Fault
892,414.1755930857419,3.1396269579647242,39.00333327941625,0.9040835503616017,1393.4131256736973,67.25273514576352,Mechanical Fault
893,415.50271031740294,4.1486778792517,43.381226337788604,1.007389266723219,1326.0395534492075,59.570313002371606,Mechanical Fault
894,409.5788758152045,3.7175464097990623,44.86121634820097,0.9136921790671824,1376.856500586614,59.43468001512963,Mechanical Fault
895,414.42927746676037,3.3507659994182752,49.08968692539675,0.8635648712522399,1360.3334164286894,74.53364197066449,Mechanical Fault
896,411.2732603993523,3.462323865790409,41.7113390253943,0.8918554341960622,1387.948948889128,69.438052808707,Mechanical Fault
897,422.7159859524849,3.1251702637397707,46.82620676737325,0.8331443312913323,1357.4075455333368,61.28136723047673,Mechanical Fault
898,412.27369098757606,4.3053574503810355,47.52689198104171,0.902783517426885,1415.53047257461,55.924826208206746,Mechanical Fault
899,411.0078846060072,3.1466096803415935,42.901756379630136,0.9194038232045704,1378.08575733797,65.89605146635928,Mechanical Fault
900,410.76682950680174,4.040946422784207,45.71888255471699,0.9879665137759198,1318.2171346722985,66.86894515278674,Mechanical Fault
901,411.4367042802474,3.6808030242345913,46.60309469590915,0.9109312327507096,1349.4538006066205,65.03763893710651,Mechanical Fault
902,410.4053940542691,4.145080218769489,44.384147941511245,1.0342259933106392,1359.2040493871186,61.8585440695605,Mechanical Fault
903,412.7074396400865,4.062852179507923,42.87170652801457,0.9773514518898212,1363.5264280699214,53.14422020065028,Mechanical Fault
904,413.2890577966406,3.4462675356911454,45.101708171047015,0.7571510717190613,1402.7792530214385,64.45354483788184,Mechanical Fault
905,414.46721201572376,3.9967676413362745,47.89172080222759,0.8975881497876418,1351.8639910135212,54.35618230332722,Mechanical Fault
906,412.94185072889445,3.6148363260056113,45.32117235897689,0.8585823742634368,1395.637989161543,61.322100372375864,Mechanical Fault
907,414.82887649944115,4.155196232959066,46.0254756418649,0.8927954949973723,1356.9416667419448,61.20061161971014,Mechanical Fault
908,412.44816024114414,3.63769794026513,47.26699751623294,0.8733734074449278,1334.506807918563,75.60901575835871,Mechanical Fault
909,415.9598955734355,3.377916979846049,43.67445321827753,0.9133063659394102,1426.1377627989214,58.351325250446784,Mechanical Fault
910,417.9281221580678,4.2198459280917024,43.11403708477629,0.8666983657367721,1343.9107225787868,63.77923315351817,Mechanical Fault
911,414.8902300769712,3.997894999424711,48.27055041306134,0.8102284722454024,1315.98024807322,64.87253132434255,Mechanical Fault
912,415.8806125899059,3.8748253063055125,44.01998025747287,0.9149702519596722,1420.4633442505674,67.29040501377506,Mechanical Fault
913,413.8798947249907,3.6499406548712012,44.49044292696681,1.0964087954196768,1369.5009787142142,64.88123393287576,Mechanical Fault
914,413.5530592871911,4.1296950072325895,50.879511764234024,0.9540735659317666,1377.4831871135627,65.22069699904542,Mechanical Fault
915,407.84707963364275,4.023545259285445,45.40249924798753,0.951401046079287,1353.6561341774889,62.69325872613745,Mechanical Fault
916,413.7669251904905,4.106486895221911,43.86372049019072,1.1499192386531758,1387.925872570451,57.34590404002561,Mechanical Fault
917,414.61436112024415,3.6044974633530753,38.416852590539925,1.0919365128136547,1396.0942762666002,68.19924390739587,Mechanical Fault
918,415.4962109808991,3.3853947293922686,43.54914858133369,1.0010136929740816,1343.463399106525,49.809384102495116,Mechanical Fault
919,414.3186819766572,3.7574727337917384,45.40669024924413,0.9874222372217444,1394.1281743669363,66.55261883146353,Mechanical Fault
920,418.58659416426013,3.3443090657560055,46.51374544343217,0.9751846036004331,1337.8131314175928,55.98277634790566,Mechanical Fault
921,412.7621736205732,3.6015375672454124,47.26025839050729,0.8262553459570686,1349.3095444515639,61.33019757983264,Mechanical Fault
922,418.35589700246265,3.8039130123130853,44.462246923929264,0.8867993401558738,1413.7618100297957,60.50496964038055,Mechanical Fault
923,418.9465248728203,3.863148889676451,44.51874185407396,1.2001080597521137,1343.330815306042,62.877885442597965,Mechanical Fault
924,411.302706282508,4.085738591160851,50.067566800955035,1.1003907337685566,1411.71846259438,63.81427719322421,Mechanical Fault
925,413.9042770675305,3.2986490682517804,51.10762060554538,0.9562773693778162,1360.2412928539154,72.9683413339218,Mechanical Fault
926,412.08170644972,3.921986610266802,44.4821125971275,0.9766412567856362,1373.0927938244163,56.294432653332656,Mechanical Fault
927,415.2267291180101,4.114659242562609,44.91235078243805,0.9930138145906904,1343.6341154297784,64.8424352403809,Mechanical Fault
928,413.1264686347343,4.0240942520314125,45.094474686785986,0.9828088411603935,1407.6313127847359,69.14971145072833,Mechanical Fault
929,415.8193553028809,3.500536322446578,44.991641667999296,0.8360291517581,1364.6780812988732,62.75279509549849,Mechanical Fault
930,412.06022327565324,3.212798423259803,42.9955708550167,0.9232055342308991,1334.5546886371753,65.09409341882974,Mechanical Fault
931,420.7008052729329,4.106916966575672,49.93062452736159,0.9469353452319271,1410.0252946895935,60.65621161719328,Mechanical Fault
932,413.06697919893406,2.978257938158758,48.558436422126896,1.0848388775783864,1358.404682639582,63.47628976161659,Mechanical Fault
933,412.73841365892713,3.914796065443247,48.37479763590972,0.6908673631342751,1387.2831559192675,63.33996936968513,Mechanical Fault
934,415.34018317590005,3.937698200502287,44.435392683681535,0.8875695775913064,1368.5837449733608,70.82189721072969,Mechanical Fault
935,416.25627988038246,3.8661750613212083,41.18714483672315,0.8545704308144215,1401.9600748101752,65.22617943874354,Mechanical Fault
936,416.97859440876744,4.32995354009829,48.11581820762645,0.911179000523969,1359.6703248941283,49.67870242366461,Mechanical Fault
937,414.49484523258144,3.702196251254945,46.17109858318613,0.8815313727630375,1365.3884482168962,54.32360641695668,Mechanical Fault
938,412.1800965125498,3.942995312240167,50.14772289339808,0.8882969539505252,1384.8343322072237,70.71486894171683,Mechanical Fault
939,412.56731819139924,3.9100442129856323,42.778529681003526,1.0037789326189213,1379.542091438552,66.79071088388864,Mechanical Fault
940,412.6522042077442,4.012109707883235,51.25413876369305,0.7790505965486153,1364.8072297705744,66.38964484500855,Mechanical Fault
941,417.3592186359875,3.632136114413159,36.50090912957178,1.063102739299683,1397.8151835875242,54.54231481708001,Mechanical Fault
942,413.17729362466133,4.270454728858198,49.343389255373594,1.0126368027214734,1369.7166269812042,65.49792451287506,Mechanical Fault
943,414.60722258462164,4.138471934980651,42.37247278051467,0.8033040414138954,1405.3082376050804,64.73383126693064,Mechanical Fault
944,419.13540206636145,3.598546337905836,44.835664918983525,0.7893104418187257,1375.220880442707,56.12871837800721,Mechanical Fault
945,413.5370997371351,3.3691238405215644,47.081769699573776,0.9859907207711582,1323.0921180854696,73.00331447300344,Mechanical Fault
946,422.49224537925954,3.813801916020902,43.076657219326066,1.2389196709203656,1335.4309450509247,65.1206388012146,Mechanical Fault
947,415.5388668178958,4.203544286135724,46.079216925380365,0.8401639325053859,1346.4644688883614,62.94906907852319,Mechanical Fault
948,411.9792179171646,3.8143475959354047,43.30741146041854,0.72071546480523,1412.6543736512472,62.01396485942576,Mechanical Fault
949,411.19558958507406,3.7495222596537374,45.20511469790298,0.690423992930516,1384.9494300137728,58.717054587858414,Mechanical Fault
950,420.1330864275724,3.9571881536230205,43.80030002967205,0.810579867561918,1371.8509687730914,68.67674444949974,Mechanical Fault
951,414.9235176142444,3.734852357858943,45.175110872453686,0.8275369282515654,1364.703822194709,52.48524536656998,Mechanical Fault
952,417.9211786925571,3.8896393340965285,42.67963246789971,1.1278481977626287,1377.6104944117717,58.78313856814882,Mechanical Fault
953,417.5702122644114,3.9194144649527787,46.183739956452655,0.8489093274418091,1388.514871713341,63.429450258673434,Mechanical Fault
954,416.6678243549375,3.228516663796808,43.698379611062435,1.1066586117369834,1351.987976337991,61.37697021504088,Mechanical Fault
955,413.65611598465006,3.435558159233407,38.37515767131524,0.8723296321771665,1379.0757827224497,64.68496958876808,Mechanical Fault
956,414.56536431415634,3.812912261255116,48.068524414652295,0.877146457688494,1357.7775226873819,63.31324709067148,Mechanical Fault
957,416.7380402792703,4.223608063562975,43.11556878249247,0.9118720544434661,1385.1507232580789,59.044531959627065,Mechanical Fault
958,415.06125150163876,3.3602978427973715,39.692849088781806,0.9440095689470709,1363.4837577600765,66.21368244572731,Mechanical Fault
959,414.94631506897497,3.5070799854008605,44.86423709410699,0.7520278433982174,1416.729170740042,56.86417793084021,Mechanical Fault
960,414.41264418709426,3.4873185235858255,46.71126352008238,0.8602282354462196,1359.4399984113636,70.11920927030933,Mechanical Fault
961,415.08829177503264,3.95499333378079,42.05602219044761,0.7314219667286992,1378.216238861204,63.08692186703161,Mechanical Fault
962,416.87930401736185,3.776027464201235,45.61522601770389,0.7051940964070509,1431.6531081884277,64.0145480898078,Mechanical Fault
963,417.0927609110176,3.549172498934112,45.92402970665202,0.7436586283770306,1388.56203514779,62.864155493685004,Mechanical Fault
964,415.0875715118067,4.009392209039029,41.30237906633916,0.8178609923264644,1388.719728432603,77.58932884728048,Mechanical Fault
965,414.5857529960156,3.9773408353771798,44.67908559042456,1.1330694713707559,1322.5833499910423,65.56772626801614,Mechanical Fault
966,410.1233678993138,3.048028528838985,45.89238615935345,0.916739735537695,1366.454891867734,64.36283545976148,Mechanical Fault
967,424.29489830221377,3.7225474585905696,46.53037308375023,0.8220762216463343,1383.856977251218,63.57059794966629,Mechanical Fault
968,413.76844455181083,4.345669559660097,48.531554889553014,0.9164095976879078,1305.873641921681,62.83394466048458,Mechanical Fault
969,423.10908269321527,3.7308015000080874,48.309652716160976,1.0730330882343122,1381.5689174756792,59.949070208791085,Mechanical Fault
970,407.69406300465135,4.005248962582686,42.555731991529356,0.9211380542265231,1337.505389812319,63.40857475717878,Mechanical Fault
971,415.1011571647032,3.880578074313289,41.65553343794276,1.0436293138513624,1357.0931564580408,54.95318323728053,Mechanical Fault
972,414.6729297401096,3.810312592707938,45.48176829951528,1.0634558884422096,1367.9065348979243,64.28228225378737,Mechanical Fault
973,411.6904468563007,4.046166050866369,45.55292719223431,0.8495966727247005,1317.859759196036,73.66647317033052,Mechanical Fault
974,411.3169601066318,3.6226165971890882,46.07503353322801,0.7564130485659977,1330.1947066524058,52.25631450379601,Mechanical Fault
975,417.1629908587169,3.636444126582103,53.78181027741999,0.7806773921242952,1347.3564692971324,61.60764217828759,Mechanical Fault
976,415.7294039654155,3.6589389983644063,46.836996642007534,0.7825693932013615,1333.5522484460926,54.21071156354536,Mechanical Fault
977,408.3292774961884,3.6445792941574826,44.097059062820335,0.8242275567020181,1412.302173915615,72.36818125764881,Mechanical Fault
978,413.9955910376665,3.261823666042411,43.29988467583484,0.8280214327299527,1355.2859511316583,60.81368657661053,Mechanical Fault
979,413.03961131282557,3.684037515230672,43.09337670355333,0.9249987010350711,1385.8110614771458,59.53612947690506,Mechanical Fault
980,418.8131959780211,3.5059813094478156,40.146598158553985,0.9456933685638063,1350.47775596757,66.92774882454432,Mechanical Fault
981,407.7889941966984,4.21773678244492,47.01688022412121,0.7199428141004398,1330.6366862846114,75.03359542458517,Mechanical Fault
982,412.7878602895061,3.5497445453802126,38.20184371755215,0.8579066153278135,1368.1684115549274,69.29295858061691,Mechanical Fault
983,410.8027647154466,3.343913962327817,46.35288790432943,1.0208076085472477,1327.8654294664634,71.48908451779845,Mechanical Fault
984,415.11262552446044,4.127541601722394,44.78933891544715,0.597326649901446,1370.4409785305188,71.36086291202761,Mechanical Fault
985,412.31876194274884,3.6836105093277642,44.471599489347064,0.5520583344157822,1425.1404272631244,59.59174592061695,Mechanical Fault
986,416.5172062974184,3.773989659155537,48.77285716907808,0.9487267346913697,1367.9522718543708,59.63890944488432,Mechanical Fault
987,417.3935521041464,3.237967608813615,46.93767126082768,0.7681146298134153,1412.5685098586991,65.96779725597617,Mechanical Fault
988,416.9323713035503,3.8245966441474155,39.74286871457701,0.7967125003925594,1395.1716801283414,65.99993490415906,Mechanical Fault
989,418.542969715917,3.9209823689111514,42.099894327892024,0.8044723034735239,1378.0875217156972,51.11573560399937,Mechanical Fault
990,420.020325656869,3.932524020913267,48.68110379114662,0.7103275271028997,1412.3369548106577,78.3889934661665,Mechanical Fault
991,411.03736493386805,4.03142053847113,45.00332983406188,0.7146679382102107,1389.786519155556,70.00161922902409,Mechanical Fault
992,413.1966203419935,4.149774956076566,39.999709779632404,0.7206292624260427,1379.0979218676625,65.15231166783363,Mechanical Fault
993,412.8502795347277,4.042878330791566,46.59268294264785,1.0029766885120819,1371.305906939432,68.61548160787004,Mechanical Fault
994,413.66304909091,4.416145607025978,42.56236268963404,1.1526356915349973,1376.0466384126823,56.74693466258754,Mechanical Fault
995,419.1042380514658,3.8377704165184876,47.55337229514071,1.0468627102251111,1385.1386666243507,61.44655493112311,Mechanical Fault
996,417.92714013300775,3.8002266522363786,47.057573455825256,0.6415523311450246,1388.4094515102956,61.16848504912982,Mechanical Fault
997,419.9599289115356,3.9869262043667284,45.71957323754789,0.9583571992020266,1345.0467744136984,74.73954014316833,Mechanical Fault
998,420.9741112552507,3.9178740531644647,49.77121070572092,0.831702216159296,1351.0865930132506,65.24554849237354,Mechanical Fault
999,416.3048231151037,3.681803995627064,46.61330457110545,0.9367667378488097,1345.0507967412684,68.11275810471032,Mechanical Fault
1000,417.5905847275646,3.8514407952771172,48.45794430978508,0.7539115447803658,1389.0385126639555,57.97831576161935,Mechanical Fault
